2.9450498877220317e-18,-3.979402015118591e-17,-2.3215166554996925e-17,-4.5377457511919065e-17,-2.989749933454881e-17,1.2079996718889719e-16,-5.828670879282072e-16,-0.04241138057305988,0.10624374407043817,0.09600757722326982,-0.0996002560241818,-0.028471195416926345,0.09348926883316756,-0.10916908294289616,-0.21155324062765327,0.14432874888414954,0.03523982453432228,-0.011283098034156102,0.13134147527404863,0.10541104918641714,0.08829634835751062,-0.11155758364065611,-0.09475798884039098,0.010185055763783596,-0.16416457432292939,-0.02259975378086194,0.05448638110486206,-0.04299749937179665,-0.12544809226911882,-0.022189706634808654
4.581295903773597e-18,9.784670952993246e-18,1.3858130279479543e-16,1.931842164366381e-18,5.298062536226276e-17,-7.232388353093084e-17,-2.905661822261152e-17,0.034575715923525735,-0.03870937747625893,0.0108598872339927,-0.009043091680655566,-0.029463242900919673,0.017355779539632965,0.00859332171555167,0.00592019900695557,0.02232850750223057,-0.0035002941177143185,-0.014842614163605716,-0.03799278105570642,0.004572284074213683,0.02377607597025345,0.021962284745513875,-0.036485619616216484,-0.037002980329435414,0.01918012066869687,-0.010565414512843657,-0.00930904921100081,-0.0025502914793854555,-0.06085188145603408,-0.012947601322717923
-4.945166647690202e-18,-2.039623713430632e-17,-6.495318494394281e-17,2.2714013614702514e-17,1.1692897414382596e-16,-3.606114819306752e-17,-5.551115123125783e-17,0.05199445439360426,0.021779049959253824,-0.0028352278438098944,-0.03269311882811885,-0.0043735833058704855,-0.028619536778158667,0.044661455142677095,0.013717513781690121,0.06085915828718448,0.0930209295747871,0.0072191712485223545,0.040924628937110324,-0.09027684383471457,-0.031561098928433014,-0.02703119317821255,0.05442794459919627,-0.03733678394623406,-0.004439261611214835,-0.028347587561764274,0.038394258252628835,-0.007986167011802742,0.005377330533094764,0.043202261501424206
1.0223230496780979e-18,3.837586529331636e-18,-1.5801530883129267e-16,-3.0470600521032874e-17,1.4753907437976452e-16,-4.346688236970415e-17,-1.8735013540549517e-16,0.0576703459022879,0.005935215811268623,-0.002987958921072902,0.00636935892025745,-0.025603788907282134,0.024416719394959017,-0.006670241494287844,-0.00840248478559632,0.002692809241196669,0.011624685969327577,0.05373862133879502,-0.030465955118266014,0.003299311580148075,0.010283905833487697,-0.05806034115514608,-0.014220999756542617,0.05409163758192801,-0.022361827418346154,-0.024709261140598973,0.05746693809362713,-0.02896508294338056,0.07002287706342217,-0.03885351205662916
4.274975027838175e-18,-4.156684573982508e-17,-6.6794327589335045e-18,-5.0935471752583616e-18,3.4175691002088413e-18,-2.2610008776586117e-17,-2.0296264668928643e-16,0.006601180160991592,0.05144773172095455,0.043908496044474006,0.024771540478560932,-0.05030867420220721,0.06194544599563326,0.06117197903844574,0.019499547321146872,-0.042559228317035847,0.10274505641746708,0.05995755772895016,0.036156390814333327,0.07779473159401502,0.006632464234406871,0.030363705655728296,-0.009310188687205017,-0.06390184523643729,0.020105559037307593,-0.026022050522417618,0.0015857163263615964,0.01694989122688869,-0.0023276214820424517,0.0038646826404974233
-3.056506642825612e-19,6.929895318932626e-17,-3.461195795983817e-18,1.2168502619261992e-17,-4.324334719462503e-17,-5.906322919274893e-17,3.122502256758253e-16,0.05893273286547009,-0.08283910369073268,-0.0767460191659063,0.0017084261316024556,0.10514291814432146,-0.03927302194433478,0.10361444790964885,-0.030223184769896792,0.03529146708389166,9.517434124664542e-05,-0.027684216583785646,-0.009115810359440804,0.019747395109203834,0.03698902930926843,0.025815485113502564,-0.0064529880266323576,0.006501985971229048,-0.019724387414472445,0.006278191895292473,0.038795029890608713,-0.017451825848847635,0.007305731587822506,1.4966346858656987e-05
-9.959100188672575e-19,-7.302914857830476e-17,-5.4024671533201544e-17,-5.0246352378272384e-17,1.9890770814014522e-18,3.1262425153247136e-17,2.636779683484747e-16,-0.046496800782336825,-0.09379795758283652,0.06212934377516574,-0.07249937794972908,-0.02188394349419969,0.06124263290378515,-0.03901365651467486,-0.009342888123389582,-0.07925595654591278,0.034008252460549185,0.02937104191290781,-0.024658935382745866,0.028109186920782174,-0.015229056078012513,0.012066093429027593,-0.020446772901840615,-0.032598169916942206,-0.011867378709663397,0.052354714769702555,0.017428055511932463,0.012526379856372841,-0.012769363010964112,0.06296171367008753
-1.7104341119492434e-18,9.685745077843744e-17,-1.2384059575435655e-16,3.5396607352736425e-18,-4.630191978482644e-18,-4.228855356965887e-17,9.020562075079397e-17,-0.0007417316727881415,0.07519679819935958,-0.11031753679534528,0.013198133922097286,-0.03270885237006565,-0.07458030081467369,0.039965230627213806,0.09103481487832102,0.007067358713839472,-0.044371756616934495,-0.007201184896366968,0.04700476989551029,0.005601623914577269,-0.040631421846772334,0.04270226899780516,-0.014491710417163562,0.06620208514591812,-0.010471456904581544,0.07541479773346302,0.011816486921633652,-0.04022368384984029,-0.06423707996898928,-0.027943582662565216
3.3670040994359374e-18,7.372064775727049e-17,5.010839944189437e-17,-7.893454316441138e-17,-5.1399262468822576e-17,2.714104135067541e-16,1.942890293094024e-16,-0.1563569630476093,0.19777854265855288,0.0614355769346408,0.04610932116758907,-0.0966881306518699,-0.047158721201967534,0.11980331759499432,0.0470855359833074,0.15067867560549097,-0.01615554949184816,-0.017432240018902923,0.06056239683980833,-0.015770455127185546,0.0427382190655769,-0.07555540070049013,0.0011119743662735243,0.025420252522361374,0.07911090097101627,0.004716726952663036,0.0018475859505621048,-0.021613134440927984,0.02381914511080559,0.06530415443244636
6.773335887706402e-19,-1.9140005111227034e-16,-2.142218279237271e-16,-1.1148698824063285e-16,7.807760550650495e-17,2.127635598921351e-16,-4.3021142204224816e-16,-0.0748940895894268,-0.025652062603954234,0.24217527647473636,-0.1426245849307492,0.04311277574258229,0.044580469033878314,0.018980210553363297,-0.015033255055100997,0.03355103788598646,-0.026223284322392862,0.06273856011231253,0.0035118998833794162,0.06879648060734692,0.006416774617572845,0.026280952928314873,0.0055912333923050445,0.11766708136830857,0.1730653469106594,-0.05443701195734928,0.0480559198485325,0.058960580825996596,-0.0006284457479548752,0.02093865894011035
1.533948317382869e-18,7.894786566734541e-17,6.937778322235437e-17,-6.213934523441386e-18,-7.25762250620464e-17,1.306989380938535e-16,2.8275992658421956e-16,-0.10589050597123487,0.09932935893175264,-0.020895053236240184,-0.06655082368486295,-0.09526793883962263,-0.007570577288822911,0.11380293804199194,-0.06328615825484768,0.07294581022220084,-0.02111729813028877,-0.03126961985263614,-0.06081923320481975,-0.0755210198533462,-0.10722165249768474,0.04642855055596163,-0.047874454807250194,-0.018308975281912332,0.021452298645713113,-0.042952704589907034,-0.07747465363682624,-0.06830193100523009,0.05648527210469335,-0.08565396418126248
1.0839638150801341e-17,-1.0499924588461852e-16,-1.546607969585922e-16,-7.749455524606437e-18,7.777929354843786e-17,2.6594007761720774e-18,5.082739784612045e-16,-0.01448251537623759,-0.045591994302600615,-0.05985251466279525,-0.04478043671962353,0.037128406952581613,-0.10207610353172693,0.10312806263903052,-0.04891670539414152,-0.044632655669851,0.01499759820813193,-0.04317658602377431,-0.005374552574920543,-0.013989566619551346,-0.00808288244070012,0.03994969012108582,0.06629520866175456,6.435735529693552e-05,-0.07586409356191882,-0.009842576790065503,0.11835054303871792,-0.0665309720864479,0.06516238989549043,0.09027931371731766
8.17592205788405e-18,2.426870794256006e-17,1.5829169759097885e-16,-6.199379904944379e-17,5.579468862156054e-17,2.1896051842511113e-17,-3.365363543395006e-16,0.012313995928755744,0.01139318796968897,0.07591463650728478,-0.029387489579552117,-0.00667335706119151,-0.016085875537722876,-0.05955879262909343,-0.03960088698462258,0.0008567151505443853,0.0390154462192058,-0.0048731107269310925,-0.0023966768736247757,-0.016449020254558223,0.0021281053229493764,-0.025668110318967534,-0.023757382327357933,0.03981176383658835,0.034746102008776744,0.007317025251093578,0.056295506968233336,0.04460470703583143,0.03322458693295127,0.0113626190020877
7.634858550045612e-18,4.847011160869313e-17,1.566777492508286e-16,-1.8547768379300094e-17,5.946506445106529e-17,-1.8475896653081606e-17,-1.8041124150158794e-16,0.025131117029684003,-0.03599542946162082,0.06680653922149628,-0.014545969182981858,-0.013906443062518745,-0.03755555241651079,-0.05228367996353548,-0.040962949230530246,0.013969871961204033,0.016288644097596616,0.02536392088613149,-0.0008656811688063682,-0.026043198879789144,-0.013857508259088516,-0.010131210939667306,0.008688439960609516,0.015047159029038332,0.011397587629850759,0.0014677293032722687,0.04022846244534751,0.03352737707868791,0.06523333284630853,0.011122862460085188
-3.408254463305029e-18,-1.6149265845938422e-17,-5.097041451921486e-17,4.01039834935377e-18,7.512144970430245e-18,-1.664366000563395e-17,2.2898349882893854e-16,0.0016510672790410446,-0.03686711545657579,-0.07004979214479735,-0.013523402154870755,0.10183321003857784,0.08269618648654911,0.016771045942380304,0.032411203343901455,-0.02182141525564981,-0.024622496799034103,-0.033649178204375615,0.00858301059008065,-0.05377950005278938,-0.01469108462053357,0.024686638095224568,-0.0062687047732735346,-0.014236225485267472,0.006057902855416055,0.01005629352241906,0.0226614212838953,0.05475663809791469,-0.05398190609052666,0.01132786857787634
-3.1641820022893267e-18,-4.5204092970818014e-17,-7.324124158401779e-17,6.046475747770351e-17,1.0493236897424217e-17,-9.064489018727527e-17,-4.787836793695988e-16,0.07618452537602126,0.0943384773292713,-0.08997499378140907,0.029405830203718123,0.10420891855094663,0.029783198648023892,-0.04353514182305551,0.010402781775874009,0.018985755680929327,0.018239204863883234,-0.046507498380578605,0.03213052467288288,0.04800622617090865,0.004797920069369466,0.006889727509552537,-0.002505689051695234,-0.01392653004587942,-0.06677850240789603,0.006300816825109305,0.005372381533396976,-0.014329892963960962,-0.016378493921919382,0.0313593447791066
-2.8605578993970253e-18,6.366383297371754e-17,3.438204616263118e-18,2.1475778580513544e-17,-7.712884018631442e-17,-1.0762050968372206e-16,4.0245584642661925e-16,0.07456583185635814,-0.1520931456912414,-0.12643905630976618,0.03985604875605248,0.020751235065877782,-0.06289767131400735,0.04931720864122678,-0.00977016764021117,0.007660217002925851,-0.026697563947482565,0.05692364064036667,0.026214454780727772,-0.017466469338102947,-0.016844974942589824,-0.005163934640865555,-0.0014948041753445065,0.01556867545105198,0.08081603057699561,0.0006021970477403268,-0.013140312011051921,0.05459470713447768,0.011574774644153967,0.006162318828820375
-1.0472529656574376e-18,-1.4049130300899214e-16,-1.3378716825809066e-16,-1.9529619328676948e-17,2.579103448346609e-17,8.049700202673219e-17,2.7755575615628914e-16,-0.03312173592193551,0.012754311626787926,-0.014429386820099397,0.1368285094188891,0.08976186992930198,-0.06834499712044295,-0.18774424295763262,-0.07449991101887661,0.055877360606065705,0.0877210559695396,-0.17593309649532893,0.07084880513619245,-0.05095348322459256,0.13082544429435025,0.020109494468365696,-0.033952867401515444,0.08092928137092303,0.017065183168976813,0.015593076441490742,0.08021664057665463,-0.014819912439377785,0.10052006293192138,0.04715432129573053
1.7725196616199967e-17,2.779188266846482e-16,1.380612763685883e-16,2.164413010343827e-17,6.146689561921063e-17,-5.939040007361674e-17,-2.0122792321330962e-16,0.02355697162973476,0.0033297978520721717,0.013074133701323851,-0.035248910930891504,-0.03790860579747661,-0.01713713442656525,-0.07378622398996859,-0.023184458200401086,-0.01565665637541386,-0.03725306506414183,0.02007412943496034,-0.007428641648302634,-0.02077321361506028,0.010545904038437396,-0.0009745056289426378,-0.014575072210423149,0.009798702282623396,0.027146837281238692,0.001886631323460002,-0.01120117984482232,-0.019391942840034,-0.0029788300841014563,0.012495157864914421
2.0389384284803855e-18,7.53296696002963e-18,-1.6150114716584527e-17,3.470949706767538e-17,-2.361341055920264e-17,-9.598163513015396e-17,-4.969982758673552e-16,0.06074999924150794,0.05169652158847888,0.021450157387260995,0.029241861229207144,0.07743855062944462,-0.06542937709385738,-0.046123411323275514,-0.0713952540310078,-0.08984882318830544,-0.06801094097931774,0.008128202609020639,0.01378718268796887,-0.03948859581427148,0.03189213004876401,0.017737222920487915,0.010709980772116537,0.06292730667581584,-0.039569815111753316,0.023031941946300413,-0.05834560165378486,0.003946571317871408,-0.050227252939924624,-0.046428568413638675
-1.987097029789999e-18,-1.5442725708655933e-16,6.005872494881089e-16,-1.4681413031068252e-17,6.315407846057675e-17,4.9235945576267553e-17,-6.938893903907228e-17,-0.018072398076890067,0.00740046609383615,-0.01577858633992629,-0.013650215241139498,0.03744092832429212,-0.025999789933588285,-0.020380607171811685,-0.0088510944732273,0.013334108819775856,0.006751078944025258,0.006587467889267936,0.0003547425533409,0.019492374659367494,-0.0017458552219916205,0.009056319900425472,0.004110034746199564,-0.005209745788907485,0.0005967235542691,0.004077939797649457,-0.022901546217712728,0.004838172933123623,-0.003345641982187236,0.005926811064786857
-1.0635127376257914e-18,-4.215040493312595e-17,-9.386601815842004e-17,9.997181803399747e-18,-7.751367776320282e-17,-3.7943758983362245e-17,0.0,0.04720971639388086,-0.01364503071521864,-0.09445846284482816,0.07549213399042685,0.03999156139503314,-0.08341778452885193,-0.028615854826681972,-0.08819726239139657,-0.009690059371634639,-0.06155973782022929,-0.004406757758658208,-0.01478076984710216,-0.04998090158234417,-0.02510771105033102,-0.05885213092825552,0.03149350821983047,0.03501913886039925,0.09841726476140122,-0.015588257740903845,0.0040049900050650525,0.05679485547829267,-0.03822475437598002,0.03757537896518541
-7.487858499908541e-18,2.610838387593813e-16,8.036906408527533e-17,-8.046195053168655e-19,5.1299070196184565e-17,-6.570552697374577e-17,-2.914335439641036e-16,0.04982081980988914,-0.028261682913106028,0.06421486577671255,0.02110650529461113,0.021068654480193544,0.003261615928485773,-0.01932887998289578,-0.0045365645192404404,-0.024786092541777674,0.008125288065755317,0.018634088505536092,0.013787933887686015,0.020825471724252566,-0.0003616125160495986,0.01687077757097669,0.02558285159455643,0.007455857781886849,-0.02353516474684447,0.00652391316228521,-0.0020497337696739164,0.014453265505884279,0.009108799824199007,-0.01971748430681585
-6.117073621199821e-19,-2.616080804342519e-17,-5.279641991796376e-17,-6.322819487505091e-18,7.077750712875204e-18,4.438747824421276e-17,1.1102230246251565e-16,-0.04392506792752312,0.018228161960275234,0.04941994953205974,0.009263439034104426,0.11764119647829364,0.013430957527556192,0.01268156012768452,0.048393700841964225,-0.08448708778393278,-0.01510561116846241,-0.035692032435801505,-0.07816081991585162,0.031098864026871988,0.025582308363187332,0.0486628308874788,-0.033945669134848686,-0.02402780316822952,0.012391137402427907,-0.0017700847455943193,-0.023597893398358688,0.029452802948966846,-0.021416205219897972,0.01783623220779837
1.1573386921646461e-18,-5.4066832416357984e-17,-5.099435480555297e-17,4.6546030289763697e-17,6.753045703266863e-17,-2.898364194786334e-16,-5.876375774871434e-16,0.1898318776275763,-0.07430306770185552,0.06263944037334522,-0.05412119207700168,-0.02390975211357848,-0.04441377819003275,0.01155617474599452,0.035065226155406685,0.017311807907129377,-0.032435402342797764,-0.019067988094106675,0.03782626782069445,0.08753550509195382,0.01891280255977074,-0.01348606489281832,0.004509490054413158,-0.016189631516233684,-0.014571592761980943,-0.014464893112676104,0.011405974909428272,0.0011542395231921086,0.040212538702685686,-0.005563586360663748
-3.0729487262881336e-18,5.910835647381888e-17,-1.6570340996078512e-16,-7.735942484757624e-18,4.737396523710378e-17,-4.659767562596606e-17,-3.191891195797325e-16,0.03820944672168781,0.03258133875335123,0.003651531523947618,0.00481270635607107,0.03240223090562779,0.0021921592718591727,-0.012615757030512393,0.024339779867863832,0.0038205868681284922,0.018625594203488492,-0.0521306737003012,-0.015214926341731548,0.024546413024753588,0.01917847276485665,-0.0009344098612159889,0.00037799424018420986,-0.02375439251758594,0.012102361126002234,0.027219017482903576,-0.031691786535169464,0.03865109849421199,-0.06886030582654339,-0.00892723988259272
-2.7626538923377852e-18,-1.1396684616475792e-16,-9.913643769088304e-17,-3.220701865042909e-17,4.882827916787893e-17,4.3618149945218695e-17,3.7470027081099033e-16,-0.0969806137375419,0.024105011271709227,-0.02367763462469149,0.1011127954094959,-0.03205322001812715,0.01267173423242485,-0.06850782571259646,0.022959983599659887,0.01732798366851206,-0.07920369089328416,0.0002991587795867539,0.1349456954832307,-0.02049948239369168,0.0034432647730189094,0.059421773915864125,-0.019211313042473293,-0.04314752249916878,-0.0029231198597986794,0.07334263926451726,0.0021645495257460465,0.06449820832440538,0.08469104663643719,-0.015184510335291388
-9.271337168630555e-18,2.8439746221196895e-16,9.431858037573139e-17,1.3580923633012352e-17,4.753834639300888e-17,-3.937978275924092e-17,-1.6653345369377348e-16,0.020868946979444497,-0.005357063890587985,0.020673287304176616,-0.01674739938606449,-0.01913660527947178,-0.016684433435833528,-0.05741043108762072,-0.011137878890489873,-0.02725385880582669,-0.030072997496860543,0.02920606711234704,-0.012680765505930464,0.004273456433584307,0.01001095377550396,-0.0006343315718018274,-0.01068907268785856,0.01081552209581804,0.029872569261999774,-0.0077556857097014105,-0.007981511584503815,-0.017830652539461592,-0.00853599737457654,0.013502830145134181
-3.2474882708813132e-18,-4.5950132434010757e-17,-2.8484907356557706e-17,2.2131636333867762e-17,-7.054837071479424e-17,-7.801011672734253e-17,-4.510281037539698e-16,0.03552085027495839,0.05331200207584566,-0.006566322508156781,0.040544843865675285,0.06556756134753003,-0.0318411842452403,-0.09011253024048552,-0.1099124245527573,-0.07769524081073315,-0.06557344041917125,0.04597580062228331,0.0013645589774067847,0.0032902008660253487,0.02705216313077749,0.08172586370224894,-0.017207756013530442,0.002325417338283585,-0.013553688249920535,0.04557080311170277,-0.033422582828856774,-0.04531945467850935,-0.04141280265392727,-0.020301936846455253
1.1029757493998245e-18,-6.446262662783829e-17,-4.872917529715683e-17,-7.669065148912508e-18,-6.829014659255794e-17,-1.368026394315493e-16,-1.249000902703301e-16,0.05411524643674535,-0.05635806911153498,0.041403282373069866,-0.0950240045190046,-0.030612199159888342,-0.013479119453061992,-0.07168392622300872,0.007806939113111074,-0.05686454637837996,-0.04609888627525362,-0.023437527530290308,-0.012111756092358171,0.0799047958013458,-0.07500869710608274,-0.030006206397044037,0.005874643106541266,-0.05358762472966592,-0.04764925900863121,0.05819522764330229,-0.0018607871087809424,-0.008656127860695426,-0.005124339477982859,0.009318832705241043
-9.50300457919596e-19,-1.1871513021129087e-16,-5.559704895510562e-17,-3.435586612965262e-17,1.179315389641134e-16,8.438966632285953e-17,3.0531133177191805e-16,-0.10376282273545978,0.05457935186007014,0.011831336919678328,0.0820147815407116,0.008872650480286718,0.07388114779066127,-0.029730531501800276,-0.0455601866847836,0.018808551362240182,-0.03537860482645023,0.0505078017904736,0.10033161041830556,-0.07333035523952777,0.04554629273299501,0.04972963260207735,0.06186599755853096,-0.024035978762348365,-0.013916987871191123,0.03513564316847312,0.05693827073150944,0.019138671102811592,0.004143061361173764,-0.0459749735720959
1.7925000001182558e-17,2.4589602769002687e-16,8.038940908132743e-17,2.1478248419405424e-17,5.052796516793574e-17,-4.551605146530222e-17,-1.249000902703301e-16,0.009171170049107912,0.007327030677064696,0.002314624496422858,-0.027171090915709396,-0.03866226768232883,-0.02115232907118826,-0.06851144539233624,-0.017531098501084297,-0.021474504923234838,-0.04245499269285818,0.023480304176050244,-0.015308818250319794,-0.017382988100615775,0.013294289618865637,-0.007651867666901564,-0.014553417125047378,0.008572451625370217,0.03386095504171993,-0.0037528263482784277,-0.005877864890388838,-0.01701060474691636,-0.00392301420324198,0.02355969236623081
-3.079003934770738e-18,5.577701882922405e-17,1.0320031866861711e-17,-5.560392909309494e-18,-2.4542805859568863e-17,6.663660516635176e-18,4.163336342344337e-17,-0.0018115489983194686,-0.0013488249555579652,0.017163157662164162,0.09344460123376531,0.0045157566628350465,0.014470986743775616,0.05800370053215496,0.06646706617985346,0.010929250368173169,0.021021676563873035,-0.005107281725141233,-0.007540403451848675,-0.0171867165264014,-0.013767124891400077,-0.00042195082767773265,-0.019105489390771467,-0.01436268088613622,-0.06082912266017495,-0.01016314861082073,0.012947347402442312,0.028860650571336136,0.014361817147021281,0.01400429650568169
-1.9870970297899985e-18,-1.5442725708655933e-16,6.005872494881089e-16,-1.468141303106825e-17,6.315407846057664e-17,4.923594557626758e-17,-6.938893903907228e-17,-0.018072398076890057,0.007400466093836153,-0.015778586339926282,-0.013650215241139492,0.0374409283242921,-0.025999789933588275,-0.020380607171811647,-0.008851094473227244,0.01333410881977585,0.00675107894402526,0.0065874678892678794,0.0003547425533409198,0.019492374659367564,-0.0017458552219916474,0.009056319900425533,0.004110034746199321,-0.005209745788907337,0.0005967235542690772,0.004077939797649517,-0.022901546217712763,0.004838172933123526,-0.003345641982187471,0.005926811064787216
-1.6265822025253641e-18,-5.402857980658541e-17,-1.578858710339575e-17,-1.7917197261241743e-18,-5.033775112589385e-17,-1.0455432811599264e-16,2.0816681711721685e-17,0.024059339231434808,-0.09088273729045585,0.0003187076239525541,-0.002832222299499286,-0.056079096505262334,-0.03991643692299396,-0.1317388372443379,0.015390929806486991,0.03993832756451833,-0.08197185339649063,-0.04932043882585315,0.04199006710003549,-0.017156541451229825,0.00043519383127517365,0.000405241656296919,-0.1210654179791377,-0.008908342723503604,-0.040660229889082536,0.041549865638758794,-0.031875321390331016,0.020895375158788247,0.13932665964381263,-0.0179559872436464
-4.334456075118693e-18,-7.877704129333464e-17,-3.182850403576643e-17,2.1359850859697964e-17,4.067754537712892e-18,-1.0188212122326048e-16,-4.440892098500626e-16,0.07234257339796168,0.04369761791587528,0.048062006032536464,-0.007149332707511341,-0.042788289331255405,-0.022029039174021173,0.01078364701541238,0.0934714098465423,0.031067632987402907,-0.0025287688038986237,-0.01078014004208153,-0.032785375181969084,-0.004166557549661926,0.05596063128493875,0.016485744779995495,-0.04212604751388045,0.012363496469100477,0.0007255947071909364,-0.03607519715435928,0.0001167304511633353,0.03722658897761762,0.006833620127297694,0.029944472114824407
1.8775841639963067e-18,-9.922648533978376e-17,-7.482772174791711e-17,-3.382929447788793e-17,-7.143378208978293e-17,3.438061778511588e-17,4.163336342344337e-17,-0.015701744524868715,-0.026225197754092707,-0.06497032482022015,0.05054938549530263,-0.06609950937556965,0.04324319673442349,-0.1429895254560484,-0.17290388212978575,0.030333007214706095,-0.005933624316321586,0.029273145433913496,-0.07410789389421558,0.025723277572297466,0.010742545891204302,-0.027679996637975483,-0.03817356888623083,-0.073433073260864,0.10792305766377909,0.03418910685605448,0.042651629875555125,-0.0748746992931341,-0.08364242909488344,0.05006324301698182
-7.487858499908541e-18,2.610838387593813e-16,8.036906408527533e-17,-8.046195053168655e-19,5.1299070196184565e-17,-6.570552697374577e-17,-2.914335439641036e-16,0.04982081980988915,-0.02826168291310602,0.06421486577671255,0.02110650529461113,0.021068654480193547,0.0032616159284857642,-0.019328879982895775,-0.004536564519240409,-0.024786092541777664,0.008125288065755328,0.018634088505536096,0.013787933887686003,0.020825471724252583,-0.0003616125160496011,0.016870777570976707,0.025582851594556342,0.007455857781886816,-0.02353516474684457,0.006523913162285244,-0.0020497337696738635,0.014453265505884176,0.009108799824198991,-0.019717484306815802
2.7833974584496217e-18,-7.756633985721815e-17,3.9103192316383535e-17,-3.773615387113482e-17,-3.4809478509198545e-17,1.016656837301136e-16,5.689893001203927e-16,-0.10190524186990632,-0.058544954460815535,0.0034916971393339747,-0.011679358586037794,0.04388319178890472,0.013658495517900979,-0.05421416102327961,0.04239819061807005,-0.04750111069022577,-0.053320337160221117,0.05898304081777663,0.05468922466804525,-0.06082311283433923,-0.020966234567284074,-0.041854145462875164,0.03659013138074185,-0.03554352490695514,-0.061927912506313416,-0.08374406593191334,0.037358456222843124,-0.015647133889085268,-0.017689270958202077,0.01798537469730045
1.2812512916981281e-17,1.4207041091979661e-16,1.0604870780703853e-16,-2.0594607993791698e-17,-6.365214950710259e-17,1.2950368285796574e-16,2.498001805406602e-16,-0.06553910658609596,0.012900201023789117,0.0020392903416932458,-0.06110643568909629,-0.12387643879540014,0.01754915613000721,0.06331811292388173,0.05206298998660446,0.09727454878380087,0.05653840518148502,-0.03269885822734998,-0.03086580079402786,-0.06923930742532916,0.0032293373261943455,-0.03332817288042538,-0.007433168003464403,-0.00765491323006111,-0.0006979562927264699,-0.006589060311632569,-0.023291489766726747,0.02766387253702099,0.020927655561829663,0.016736653596590483
1.5847168389493225e-17,1.2617821126358422e-16,8.554999757539795e-17,-3.514687479629194e-17,-1.0903937195751499e-16,1.3786588445754139e-16,-1.942890293094024e-16,-0.08460286798173564,0.18337914180754514,-0.0015107997589042532,-0.007965828413411521,-0.059190282412138445,0.03467832173694301,0.05770652739009219,-0.03089397973602983,0.03827994485710714,0.027734109760644644,-0.04762613022017773,0.010552484558363917,0.04849221974477904,-0.04273570936232629,-0.019659147146159635,-0.04736774187317711,-0.0019192336688266748,0.08324077738918655,-0.013374997275125852,-0.01984521270362699,-0.02082718963508777,0.03910266382807204,0.011516312504654734
-3.546683268217681e-18,-1.7046887951525677e-16,-2.4194839982051044e-16,2.3696313957225594e-17,1.4710558199343158e-16,-1.371836790098426e-16,-5.273559366969494e-16,0.12188875399357932,0.009691581737857901,0.10387599739281794,0.04147869232340052,0.22752272483244332,-0.08418738160039042,-0.04390222792057647,0.22940921223716573,0.07051440582560226,0.11662753834621797,-0.037707891053928196,0.15963088729128233,-0.1705654152938294,-0.18197011308515443,0.12244006335307109,0.13827388085078127,-0.17093503400073876,0.06493686719499875,-0.14227183470447688,0.03585814090957791,-0.24821119577804424,0.09334974190892785,0.056053715688130834
8.459600389993971e-19,-5.698609309741979e-18,2.49156311079528e-17,2.647234535125567e-17,-6.117303802185816e-17,4.9854740924022326e-17,2.42861286636753e-17,-0.027419167102877593,0.022883095889476415,-0.03520174195210476,-0.016501231783928805,0.05900635539859541,0.02834231760949076,0.016276397322090314,0.04680144359938396,-0.027979093970540467,0.07273566450324871,-0.03861990787779255,-0.012799146417724594,-0.05177362555328405,-0.03123205460358477,0.022631952336094233,0.015662708850851213,-0.018037655272120073,0.029677114608207492,0.050686287226112056,-0.07000623421878817,0.04305627328938036,0.04222493796694105,-0.02293827677629763
-7.487858499908541e-18,2.610838387593813e-16,8.036906408527533e-17,-8.046195053168663e-19,5.129907019618455e-17,-6.570552697374577e-17,-2.914335439641036e-16,0.04982081980988915,-0.02826168291310602,0.06421486577671255,0.02110650529461113,0.021068654480193547,0.003261615928485763,-0.019328879982895775,-0.0045365645192404075,-0.024786092541777664,0.00812528806575533,0.018634088505536092,0.013787933887685996,0.020825471724252583,-0.0003616125160495989,0.016870777570976714,0.025582851594556335,0.007455857781886827,-0.023535164746844573,0.006523913162285243,-0.002049733769673852,0.014453265505884156,0.009108799824198975,-0.019717484306815792
1.421763177075202e-19,3.694740094422387e-17,-1.5937521219060608e-16,-3.556860580479975e-18,7.149231409750122e-17,-6.590497071794961e-17,-1.5439038936193583e-16,0.060003279859401876,-0.01728829186224986,-0.01778743079947068,0.021927198995942823,-0.030386777049433114,0.07050635268621776,-0.012889141103843727,0.0025960789801795997,0.05458913761221591,-0.0037736810863693,0.05333101296867187,-0.02206489882933457,0.00012957795856166667,0.01167651728477931,-0.05367113603594942,0.00838154860413957,0.01980593033292508,0.02497244814129335,-0.004963714807274342,-0.008035294586081683,0.008508107056295577,0.06181574751881753,0.024743182899521796
3.8620146662332695e-18,-6.501760338357764e-17,4.068959676103682e-17,-3.9403444355021536e-17,-5.0810652627202206e-18,1.617703267724903e-16,3.7470027081099033e-16,-0.11357340052393657,0.08397352297127944,0.009738163804678837,-0.0316551831665222,-0.059576252953000036,0.009784950345256692,0.07574098742980959,0.06572164843068867,0.01823078698905116,-0.00029524349508979294,-0.044219017278758134,-0.11727672893435478,0.10768385055518702,0.032288325221566674,0.031407735261284514,0.006636325413921166,0.012271654129906644,0.044157857995309115,-0.05627660894195302,0.06316001345807472,0.025393318790982902,0.00876373812928942,-0.07056980976121018
6.805667961664754e-18,-6.952998222168665e-17,-6.255290795361148e-17,-3.350898520564005e-17,-9.776777133057575e-18,1.2528129171780043e-16,3.608224830031759e-16,-0.09084809564557367,-0.04630247552028086,-0.0013157282241880327,0.009922999715245951,-0.03938408504464549,-0.05294588370108085,-0.02789711295384907,-0.030859403660198213,-0.04814707704166627,0.00931700493788691,-0.07399989048371212,-0.015729065724996057,0.004602101489218248,0.022773373538675395,-0.007897542540390318,0.015291380392847206,-0.026658047987498296,-0.026793711192868025,-0.0384753193284133,0.03278561470571856,-0.034053140758531074,-0.023262560161172053,-0.00524634850873409
-3.740411653259734e-18,2.2887885613622484e-19,-5.424397178474113e-17,2.6914642573625475e-17,1.3150041090351182e-16,-8.682595189158909e-17,-2.220446049250313e-16,0.05919586225676099,0.032941606860762154,0.030934154093472326,-0.03499045174258735,0.032694236011389016,-0.0026776984459560664,0.0269103134648841,0.025491510889769774,0.04761752092615607,0.07870935477224779,-0.004607625236375684,0.06659182319346116,-0.10558386077533403,-0.05248714177861766,-0.033642011516133,0.05643960851287778,-0.016223590672393904,-0.020599321080582895,-0.05793261507478748,0.03986145815835322,-0.010353460926199636,0.013902593573172665,0.04757317715866646
4.8224949849842496e-18,-6.211393173619131e-17,-9.633296330414812e-18,2.1976222534239328e-17,2.4297306818168636e-17,-1.045526988922418e-16,-5.412337245047638e-16,0.0830008634774159,0.046873023673178846,0.024383196890196922,-0.06898491812773494,-0.05696788431947275,0.03896835924139862,0.02230117581968276,0.06598289757015571,-0.023654767138810085,0.03364971808209978,-0.01828276714282906,-0.05773248901650048,0.009901604591894207,0.06616265280777153,0.0381311388935803,0.00901487772216799,-0.005294595865220062,0.00912783689934133,-0.011412121205876074,-0.011037890283449118,0.035636017304123,-0.05034379117412066,-0.03701204159198239
-3.2550276497907487e-19,6.915798115476609e-17,9.825025701925797e-17,-3.046829464610518e-17,-2.1778526004697813e-17,1.1279392451373585e-16,4.570996359198887e-16,-0.0805901046492477,-0.028989131133979943,-0.01298080143670746,0.005594324952411155,0.04548827904851331,-0.02320650359635234,0.047305296357856505,0.04961042081282618,-0.04039383312644723,-0.029496427919288325,0.019857701661721416,-0.01913226451249702,-0.050254345053534294,0.0011152555250127667,-0.06882175068289226,0.0018679473171762417,-0.06994323709421234,0.0005380409121466921,-0.04431838463076047,0.05288755382053585,-0.060954816893978025,0.043437996497739294,-0.0638104226249614
3.762297914762649e-18,-5.317832225232295e-17,1.8692858331674086e-17,-9.880420040395682e-17,-3.339455762792528e-17,2.558287085333528e-16,4.2327252813834093e-16,-0.17270184228028265,0.11015486448613707,0.036332048875942234,0.07302141552749891,-0.056657654554760566,-0.01852675231651194,-0.015762077866301443,-0.09322549276909686,0.11033825680416702,-0.03871459900136256,0.011141421793865205,0.06502088302448175,0.08950433223538444,0.03136877240661046,0.02272126983835304,0.023611400756835207,-0.02137258362961096,-0.03570900975913924,-0.0132501148645159,0.10052720592605299,-0.04069069950447593,-0.025611931156561383,0.013107533677649703
2.667450749083489e-18,-1.1566449408978492e-16,-2.7177124636947684e-17,1.9144862701165766e-17,2.642695152081219e-17,-1.163293199276426e-16,-2.42861286636753e-17,0.06316995401393818,-0.03316936104817482,-0.0487494925280897,0.12102143871929708,-0.05442726462833681,0.156424225568497,0.011363883579927661,-0.01595571684007844,0.013073351654938782,-0.04930089588325608,0.020358129078296646,-0.03445207001190526,-0.04660650016364686,-0.017839224367097367,-0.03074519164805478,0.015152697659849744,-0.0242821341857832,-0.025091190165793604,0.0368882293004346,0.019544014801750505,0.0074489109826269394,-0.030628066750909386,-0.10161086849952289
-7.825096011216008e-18,-1.0526875645032672e-17,-7.407572197145519e-17,6.809031014795559e-17,2.1034714126256325e-18,-6.996077070900892e-17,-1.249000902703301e-16,0.057260448994853275,0.004017919072347289,-0.07021304365679144,-0.02927784499875688,0.0263180196362325,-0.050359041768222944,0.04029194650847817,-0.04539893275968522,-0.0017476534319241668,-0.03513769889431172,-0.04414180246720726,-0.06655221408160508,-0.01298631977748186,-0.0023330713957922197,-0.07745474900145492,-0.05931717413885948,-0.11304337206312418,0.1433676999828331,0.06461932535284422,-0.11238881957387145,-0.0915982298496556,-0.07913525294272596,0.08685829024659719
-1.2372568942962099e-17,-8.036927261310537e-17,-6.065802371581276e-17,-4.3593064490846405e-17,-2.0921313236467415e-17,1.8765174004682746e-16,2.220446049250313e-16,-0.13348029553300336,-0.0513954942294414,0.07259792765888805,-0.06318727137630566,-0.02466607272572471,-0.06718196845075677,-0.008632458228263614,-0.015996030450307043,-0.08001922013753798,-0.042255675610266615,-0.12106760411804754,3.3046330253557745e-05,-0.007450802256395683,0.03174227337707194,-0.025996818721463918,0.031766537504001026,-0.01779432245167915,-0.04647802861335268,-0.06371118999353231,-0.004325288605860548,-0.025153792170012387,0.004881613879969087,-0.033514499684447696
-2.0540097845939938e-18,5.813054525370249e-18,-3.4852934623254495e-18,4.459371576262539e-17,8.346418432260821e-17,-1.4778127720497526e-16,-5.204170427930421e-16,0.09415349253824275,0.05418048602313462,-0.07018407251649007,-0.11554805363448122,0.028450973335727204,0.030234411391843283,-0.03006228708863571,-0.017518403076518863,0.04812669780804,-0.058063610996526877,0.01390481833957764,0.023887958398873622,0.011434926793113823,-0.04232737461286108,-0.018021621496451562,-0.04674971705105007,0.009203226819087305,-0.00279683980266248,-0.05449424779538787,0.010496852443077267,0.03391986165129013,0.04176531320649705,-0.0527369515436766
-2.6059802016694878e-18,-6.992393658154576e-17,-5.169873831820495e-17,7.33074039874902e-18,1.2131245368401691e-17,-2.7704753114262897e-18,1.0104764247564901e-16,-0.009160071259920473,-0.012228793566087772,0.010480742218700498,0.08784750890280757,0.01611858312310676,0.017513512175445303,-0.015389166366368074,0.04636943986103168,0.05484756762711207,-0.044874134524175456,0.0006994556108420769,0.07519103299042887,0.004695444994249202,0.014299580634238623,-0.03037009430376728,-0.08449784043292828,0.0359316363549054,-0.0006659860896568527,-0.09493484315790146,-0.005144229235649014,0.04257090915556165,-0.0018772890010905223,0.08140798441399368
-4.413247517771894e-18,5.480509459208029e-17,-1.4796440731682096e-17,-1.5224994146843758e-17,-5.6004029250621e-18,2.719921794241069e-17,-3.469446951953614e-18,-0.01533916894166253,-0.002323753665424094,0.04551406103358861,0.06313550610811935,-0.01355976671786754,-0.0595715879658921,-0.07089614493189629,0.041228036424898404,0.02003748738722927,0.06125581088978451,0.021561772381655867,-0.029509717679866057,0.0032655143841412463,-0.0350058930209343,0.015722882915163716,-0.04911016648356064,0.007678668291755375,-0.014772590730952955,-0.004441224976674025,0.00277592562919199,0.011309906194132992,0.020228586783426705,-0.00045239975560483313
-2.5198817565134728e-18,-5.150000664868501e-17,-4.70497113475772e-17,9.57283502930665e-18,-1.3831664445948859e-17,1.3135588023291777e-19,-1.3877787807814457e-16,0.03353923810070274,-0.016284744798448592,-0.02935873124457626,0.03357241655740034,0.009684178092493625,-0.012122460627984328,-0.07208144738282625,0.028638605086673426,0.07954606581446634,0.04825033108523124,0.01529365013189379,-0.023483874300393347,-0.003483773615434197,0.0455611153666869,0.0005899899577969395,-0.03354492574944951,0.011379048595923308,0.009511426575785747,0.012731467323527932,0.0017019920187780336,-0.050325622545521385,-0.03799431380082774,0.05113145632511484
-3.7957244722572e-18,6.656212795598129e-17,-1.4507015450450412e-16,-7.752539475596752e-18,6.935365316498945e-17,-5.53284697764327e-17,-2.2724877535296173e-16,0.040783991600456634,0.016492687669935984,0.004768816076932321,0.00959527908489999,-0.023843530095029285,0.011096725356993986,-0.0007964645471365065,-0.0026140693104094513,-0.002629808090842345,0.004631783199635261,0.01751184489812646,-0.03658813062661913,-0.0033043428663867016,0.04475491392974152,0.03796130269258689,-0.016397728765529116,-0.037752095125765855,-0.008048684879471892,-0.0016791713916593364,-0.024597525010171203,-0.021696675872362122,-0.07991943377153593,-0.015282388978142993
-4.318631943222258e-18,-6.280625898192013e-17,-3.931425364468768e-17,9.811079907526155e-17,-4.887894851975668e-17,-4.490005450424401e-16,-1.1726730697603216e-15,0.2819167782109959,-0.023362378463781353,0.09601897576163994,-0.04411344938824499,-0.025743851578724223,-0.0754919991232557,-0.09641602705504787,0.04509081598257043,0.07047935070802891,-0.0748823320308689,-0.038079079721319596,0.01567978935070137,0.12354632282441469,-0.04200207748614423,-0.07900402876311453,0.020577955464134767,-0.16697421374435362,-0.051659121006981695,0.08424887047721492,-0.0793123844668856,-0.008983429315132529,0.0741764616401326,-0.014889415423213072
-2.387831559638644e-18,-3.959484546130227e-17,-7.015603160044797e-17,4.0033091015614546e-17,-8.907530723594546e-17,1.818907058020984e-17,-2.636779683484747e-16,0.023924638442277827,0.036737598894760554,0.022461962887625368,0.00930618074048933,0.04213397843374585,-0.03736798825299509,-0.0015679760831374403,-0.09950403084706105,-0.008495517380168646,0.07951760744532198,0.041076019337132626,0.016879945230311694,0.018841276675552663,0.03701474466110594,-0.010968178079782443,0.045298384041115296,-0.022481467770795682,-0.012416294711695478,0.03299011658709221,-0.0979596837533377,0.00034583428632661346,-0.027001786872227058,-0.06732939126381049
1.8156375634956642e-18,-7.502092028865443e-17,-3.68141514537362e-17,-2.374717037908721e-17,5.027528239932425e-17,-1.3865265951750125e-17,1.2836953722228372e-16,0.007296045325323716,-0.035385611679164604,0.02479112502770693,0.06375108976331487,-0.011590979769161161,-0.001192065971253387,-0.015523054040655983,0.013975452536614284,0.03165112344502202,0.024284485562228748,-0.10886951406167893,0.0021398125672433977,-0.07088423481464019,0.039483086425266024,0.07002544745558294,-0.020241324180417734,0.03705456512450989,-0.013560086232273266,-0.004601728270792794,0.0774457916995921,0.04041884719458745,0.05278803202016181,0.01675598771555861
6.5284745654255775e-19,-1.8006440783029466e-17,1.0511136890021519e-17,3.3809547786351225e-18,-4.425486337809889e-17,-3.6914228973774825e-17,-9.71445146547012e-17,0.03207344730101783,0.0033643522778324434,0.025738700537119196,0.14001795999442518,0.006204852497646124,-0.08695520510911,0.007397397699775845,0.13864077829301177,0.03323192384162624,0.020092534808606243,0.05408459781156518,0.020347781904115746,-0.007004609949160313,0.02363111600528532,0.026026930516686864,-0.07774498234363132,0.025618417418899985,-0.05040914905563111,-0.042385358098770046,0.01317122939437811,0.006695924632074343,0.014188758581720225,0.11666207643202066
-3.582292159433815e-18,-5.14516591376286e-17,-6.194284617678368e-17,3.3399803445166307e-17,-4.289671293627356e-17,-4.5925772941948264e-17,-2.3592239273284576e-16,0.029029237095175332,0.017277995966673076,-0.07427514075585125,0.050136228818706954,0.0030685208709105185,0.09173199060238403,-0.031153040341129166,-0.04181016320987594,-0.03655713698612317,-0.045295647555170744,-0.002046942855326006,-0.007577053918641891,0.020990889851449913,0.0006483419821830379,0.010154336691999003,-0.013143571895171088,-0.01265890607044181,0.07304180293272643,-0.0012657134522120017,-0.023309471336986753,-0.030825308605698255,-0.02953093506552158,0.08387412691822631
1.580063377875733e-18,-1.8879535967663323e-18,1.7113429289100438e-17,-2.9881085039708146e-17,-9.863478840852816e-17,1.2120821188402822e-16,1.734723475976807e-16,-0.09797077395278278,0.10645425082612421,0.0033621104435660803,0.09182301525818613,-0.09696808041182976,-0.024324247604152204,0.04912059326371367,-0.016358408229872775,0.07179277667962754,-0.04583288698975098,0.0125014594932103,0.0017309431365356693,-0.0020616090579379065,0.01022449466674709,-0.02652235738875589,-0.030591895137217943,-0.015742731107246857,0.014058281240102052,0.029790574394904665,-0.009214271918517628,-0.036849779804956184,0.06882535811075452,0.028423795847685025
-3.587564728933079e-18,-1.0203447456233065e-16,-9.328992678357404e-17,-1.2912640396755835e-17,-1.0842590933398364e-17,6.470386999770832e-17,0.0,-0.011371718798947581,-0.04579378947769184,0.015179429089417001,0.061033684466165465,0.00543531103074139,-0.0226171548080462,-0.07768493031165728,-0.01923329678042215,0.02867034099459569,0.01722770512374027,0.04508686940115475,-0.0026849106569130626,-0.008507848644301763,0.07353079904316501,-0.03994954074575951,-0.02716636117797565,-0.010502609896770715,0.05184258727891451,0.012768082743825543,0.0189178323215052,-0.02873849078801098,-0.0680246714733327,0.060078284115828315
7.551064141471705e-19,-1.1344567711281168e-17,6.056762032566058e-17,3.933143446143699e-18,3.7239106366042305e-18,4.202118068144762e-17,8.326672684688674e-17,-0.01784974502671041,-0.009890002361797512,-0.003799462901087734,0.03136911967587727,0.01621543274700861,0.02799206601830293,-0.0013895102518273388,-0.009584040846554552,-0.03940562400522592,0.11318646329925541,0.0341878098470624,0.03429015242075711,-0.0020655013861325716,-0.028495313967119754,-0.026954622961851263,-0.03030174531388848,0.012188740262320363,-0.00487534168680217,0.0636371627147876,-0.033086093894140564,0.024592792219247397,0.08122925432158438,-0.05628152424587763
-7.399475233244104e-19,-1.6214377126441322e-17,1.136724363802319e-17,2.1964056845113376e-18,-4.536499206119029e-17,1.284381671700486e-16,3.9898639947466563e-16,-0.0773659980939715,-0.03580756014860353,-0.0264448416373981,0.0032791299153343647,-0.03995999203310901,0.020382494680091855,-0.00033422778008739305,0.034889198037374926,-0.01977018771791063,0.08493784227292896,0.004675253874845056,-0.04266305205291925,-0.03405936215788956,0.01608703597017164,-0.09312650650965691,-0.04693699291500441,-0.010701522277559189,-0.014251833001178807,-0.060289177558441945,-0.058533497618524756,0.07942981847713991,0.11577493740787066,-0.0006223986274071421
-2.5726444372449755e-18,-3.4506790538348095e-17,-5.564363815923924e-17,5.00739190674755e-17,4.3450955650902583e-17,-1.531033847577455e-16,-2.8796409701215e-16,0.10789760012183065,0.011117558757733069,-0.059779570775277034,-0.0492011323105842,-0.03771046047586274,0.044350045080131247,0.05239825519633258,-0.01245298890306668,0.019679781765871922,0.019465313067014357,0.023685099338910783,-0.00560670452471117,-0.0070823482780876445,0.052443644151241114,0.02840526204168424,-0.013769431915265,0.01649626433348565,-0.028432702576301764,0.015439655104394635,0.03463806325345307,0.003281473736375428,0.0368802442825149,0.01918793902749264
5.536643541600396e-18,-8.045741196576246e-17,-2.5169950531835062e-17,4.652403253372816e-17,-7.300393300532011e-17,-3.888571095653728e-16,-9.020562075079397e-16,0.24592014670643098,-0.04024856594352083,0.13072279379852006,-0.03445894618018768,-0.025213375005166152,-0.060909215979206836,-0.027728067620786865,0.03742919059744241,0.11010930327131654,-0.06540646836223928,-0.11924960557294603,0.12984556392026195,-0.004607799895533826,-0.0007391122286330149,-0.009011854314183852,-0.03610918892606493,-0.10942442568647887,0.07777534800208637,0.006570117424493184,-0.010114655654183647,-0.0026370123934202168,0.017420054590478143,-0.04775401829964182
3.8916228910399114e-18,3.0510832241462585e-17,1.9140825039042332e-16,-1.857305742456481e-17,3.1508715167128777e-17,1.2110408484990944e-20,-6.938893903907228e-17,0.0014928715005238997,0.038593988632616344,-0.007212320017421881,0.022912690889182047,-0.005921777199996154,-0.0191827733944256,0.03591050185421685,0.07557071307113554,-0.013843410077934859,-0.01806585563648811,-0.001249200441171271,0.05096607375929495,-0.006049203543925082,-0.04537383804583956,0.03281837780274988,-0.0055351355359380995,0.09635902644318067,0.05065581816549104,0.08437361280715538,0.0747697604525611,-0.009309184166691839,-0.032880584967732975,-0.019807707396799906
-3.1027821882199537e-18,-7.470942996835117e-17,-1.0555894851557997e-16,-1.483880028173793e-17,-1.6867653424799094e-17,4.9677500198934796e-17,2.6020852139652106e-16,-0.022172437947342832,-0.05028065514579938,0.039231836637836116,0.0677515923106524,0.016823988778389094,-0.07879356688039087,-0.04477098009093155,0.09594579154863107,0.04700989069530703,0.12799797855363068,0.07664031682297073,-0.027683163195567646,0.03287671013842342,-0.08020977691069904,0.02643282341852735,-0.053353983639460985,-0.01726186793577157,-0.044471150300382796,0.013728312417937242,-0.021585968500367814,0.012512219384316393,-0.042719131154132596,-0.027357310012743566
-5.286423744124127e-18,-3.211824730088103e-17,-6.886150460872972e-17,3.7784834786356535e-17,-8.689313581759606e-17,-1.0640355363191425e-16,1.1275702593849246e-16,0.0611082638650233,-0.07461960451789391,-0.0175441990424932,0.006798400961625122,-0.03848642876445432,-0.10573726506598667,-0.022192853539807402,-0.035883535972663,0.037249281716712185,0.007940440063649802,-0.0021188893114056574,0.0560860341346749,-0.016232622612641738,0.015198861393270386,0.04864833155260155,0.01928596022165887,-0.04819703345255424,0.039815567658260845,0.05509539043501828,-0.047764598258781134,0.01353350877787194,0.0062994516448647885,0.015259085635345978
3.2430351513700974e-18,-7.206937002091309e-17,-5.3186922995635157e-17,-1.0636287165134895e-17,-5.1080987562022146e-17,-3.4760351905175453e-17,-9.71445146547012e-17,0.048324439256727095,-0.052241276697701816,0.07836983346671397,-0.02335079778117099,-0.06885826365138473,-0.04243676868254786,0.0023844682301456606,-0.03185538357979013,0.011765737230772965,0.03954402187636585,-0.016379062457333955,0.024723491966767566,0.06474091009254243,-0.022099332354743668,-0.01233132647585126,0.026424947077467967,0.0039041843293619776,0.08792535444641103,0.033725910035539014,0.01229992051052596,0.01850904869074462,0.009257666615366004,-0.00363388402080068
3.762306355805964e-18,1.69454940445371e-16,1.147024319864012e-16,-1.7341643736239898e-17,-1.8590681206761092e-16,1.5645468028273986e-16,5.273559366969494e-16,-0.06673711733592708,-0.05088851162472857,-0.05000043310141932,0.005670029481853301,0.14062685431277241,0.05191829003043314,0.06351171656770555,-0.04240720508405709,0.07869329388078711,0.05193904944785185,-0.05544868707016903,0.09233583722083172,0.01352324431890735,0.03332257964848437,-0.020511337522720302,-0.004616897073805216,0.018038925696343244,0.025274115894196224,0.04044766249252804,-0.02321206310253481,-0.0652024367668646,0.020526460046392872,-0.05946529006899444
3.967774628733622e-18,1.9526591455781982e-17,1.9158598024637362e-16,1.430711848184236e-17,6.072792976197749e-17,-3.6363980703719615e-17,1.3877787807814457e-17,0.020446999006615164,-0.04134685799205999,0.009784041594615355,-0.0005067230005695854,-0.025248812300979463,0.01849284741727879,0.0027108624101193786,-0.00613672156554525,0.008607498426253928,-0.01660302530388849,-0.017874626848747587,-0.03786719318122217,0.0010889078299255838,0.014140171659879271,0.05326103335796975,-0.025616356309473336,-0.04859154300472563,0.03156778326139431,-0.01240464409901169,-0.00038622327896345996,0.01649290246328658,-0.06581621668699549,0.004311902275915471
3.643883251429739e-18,-5.815074095179265e-17,-8.035807836120402e-17,-2.150421753710181e-17,3.5600076061786084e-19,1.294909746058439e-16,3.608224830031759e-16,-0.10176793544457788,-0.059353569086935586,0.03545693737876462,0.011184148311018176,-0.024394358352948058,-0.05954939951886633,-0.022161111728521355,0.015619378575030454,-0.0830114599027423,-0.007936594877207196,-0.11451156163215126,0.008603185744935527,0.023376820578328638,0.02875149923465008,-0.024633401913006638,0.031091013125603917,-0.025152408830010416,-0.05630296644860424,-0.06414323321657846,0.0009484538311778335,-0.015800945235695817,-0.0011585973592492568,-0.03243859440830548
1.1938701371380792e-19,-4.091462682514959e-17,-3.564656431851237e-17,-1.803633749800711e-17,-4.4215189975145104e-17,1.0387018257361e-16,3.660266534311063e-16,-0.06822016345062955,-0.020827498699910876,-0.061538369908079385,0.024357925707586228,0.02760513191908737,0.05170176564955538,-0.0392867873517125,0.02540151336046656,0.019727460308057315,-0.04490664266097552,-0.01354983942899552,-0.009702487159303969,-0.05015744461650822,0.03310943168650279,-0.02920383450408326,0.03449192383964912,-0.0136340364535325,0.018042245426044247,-0.017431764315080308,0.009302211056393478,-0.010860244351400587,-0.04325554604445978,-0.007009759297503107
-4.482887418770078e-18,6.043689185136015e-17,1.3073847013633183e-17,1.711850327987701e-18,8.349163203317943e-17,-1.0267990817858704e-16,-4.996003610813204e-16,0.06438024171601964,-0.0018715979168172686,0.1035970096538244,0.07304664027894468,0.018480926762472694,0.09216459232044538,0.008010218351219189,0.033713813790096483,-0.06846742957038716,-0.03826090702809412,-0.004965264296387229,0.011565241198988677,0.10121567298307287,-0.04200878477713312,0.0014470025253159487,0.03096375730820959,0.02596518907189936,-0.005630664438231422,-0.003990208027106392,-0.012905244450770612,0.013769879738954893,0.0007546251798537239,-0.030139266501411906
-9.818422007287326e-20,7.103833669612786e-17,9.414184281545253e-17,-3.2042310457382825e-17,-1.844974581653823e-17,9.951513353527848e-17,3.9898639947466563e-16,-0.06676803331972654,-0.03749624912644321,-0.007648106865893881,0.008478792293396865,0.048224438092307156,-0.01917491687377234,0.03879318419745884,0.04415136009347449,-0.019276635873815756,-0.03261802806164553,0.018806598818183546,-0.008560217576948578,-0.06233545672700135,0.010562159775311967,-0.07157359375508555,0.013525104955194253,-0.07371315133692141,0.011631048173600183,-0.0434806918019803,0.05240158330883123,-0.06470063377158354,0.0529563363229185,-0.06361014055807411
3.8765787584000496e-18,-2.1027806354575906e-18,2.7601400980415277e-17,-4.7247991503562977e-17,-8.0531752664286e-17,8.434689617958204e-17,2.8449465006019636e-16,-0.09212697328036051,0.0799042411705728,-0.09566114312474845,-0.014921768350328055,-0.1707264894111999,0.06656817856975761,0.015395668810513793,-0.0882143608647483,0.05333992578185391,0.0024056465759268505,-0.0006711489385375633,0.05113655907584429,0.06530107610774664,-0.03172668248838999,0.08171250664515799,-0.02461415173645606,0.0010359335813391179,0.01632790297384017,-0.030408488740304065,0.05169058395511632,0.026795169348611793,0.0007133947544777311,-0.07405943151540596
-2.7532355658541462e-18,7.425707679224814e-17,7.381963689180799e-17,-2.1922591666829276e-17,1.492035303393777e-17,1.7936222247485714e-17,0.0,-0.019986308599260982,-0.009188879634465338,0.08161891160472964,-0.018319079384824362,-0.02515958676290849,-0.017241666750055656,-0.02752373458552296,0.008593690157962361,-0.015068668213323543,0.01896504358924152,0.04270075287642283,0.017226716754707327,0.04158277197136022,0.044650573643335884,0.029950828891830112,-0.0447802790681184,0.0034069995852872665,-0.026231951676094434,0.0024210201090012133,0.060042009198876464,-0.07579328318310811,-0.03925820350625039,-0.03999786400834406
1.900277448785164e-17,2.71737804169495e-16,8.744296840375462e-17,5.959656542762418e-18,5.3328481679515e-17,-7.10615887824493e-17,-2.437286483747414e-16,0.03760511229984785,-0.012113036927889058,0.04026458041714093,-0.003743603095773503,-0.011154998521582632,-0.00486512863978021,-0.045256042107189226,-0.018019084955033297,-0.01385422808882849,-0.015364217706532552,0.014299480980290793,0.010063086158865408,-0.01261391804385654,0.0019172155238111365,0.00853260411296344,0.014489791306851052,0.005492402285695392,-0.010405275844002861,0.013180003130545286,-0.003183582434745898,0.006516237670231637,0.013630907151562486,-0.006585053108196669
-3.7247044117956e-19,5.7827194171136e-18,-1.4919710846587377e-17,-2.9049762670199094e-18,8.583851047280767e-18,-3.1367945782090284e-17,-3.122502256758253e-17,-0.00028639589159231994,-0.018336865846012608,0.01865293896065412,0.011197558936227401,-0.052720977576637434,0.05227830610960902,-0.004378261515638714,0.02750657344095852,-0.05056119821445674,-0.004210822004364671,-0.01402685836267365,-0.003515821458683484,-0.07526725095233536,-0.03892867331016601,-0.028533245300479144,-0.01769513670827391,-0.03529160706934179,0.0600401911686396,0.027060403003481427,-0.037601842516524216,-0.020201547197783998,0.012677688262156333,0.008015784022799047
-8.333994087979879e-18,2.868361406094696e-16,8.499274036627217e-17,8.039740441295389e-18,5.614761215111147e-17,-5.55444993615371e-17,-2.5153490401663703e-16,0.03897706011237028,-0.017674129842396958,0.04553110961523129,0.0021824144997295443,0.002097199748208689,-0.004890827323290526,-0.03760681268959283,-0.008889327210066416,-0.02438120043334779,-0.008031606450924348,0.021672850339661792,0.0035179868970973355,0.011283669206242724,0.004256395769838207,0.009914870633245303,0.009350495904564427,0.009032287766579508,-0.0014860902099643975,0.0015526575401529157,-0.005522825213625847,0.00023688302987933326,0.001768322042939038,-0.006565992057409304
4.857905868369196e-18,2.9385127048757305e-17,1.7342310693985575e-16,-8.68522452622438e-18,3.3178770911777856e-17,-3.431535450552719e-17,-5.898059818321144e-17,0.01681749322558569,0.020846199196471325,-0.019032190545826184,0.01610504955475353,-0.0057821061550286735,-0.03461526564902455,0.032813418534334414,0.07360291266238769,-0.022265090568660533,-0.03493132018817422,0.005644471945335602,0.06061392383702583,-0.012282333123268933,-0.05804477169986663,0.019939860853320886,-0.008849314274365366,0.10185497460725229,0.03451677054977988,0.08886480048444557,0.0666467722716825,0.0005571398136781724,-0.023802553578498586,-0.0022826427189800054
-1.4964451898973119e-18,1.3969588373825562e-16,-9.030128800235641e-17,-2.9147445474161666e-17,-7.837580280119928e-18,-3.9202792672258074e-17,3.469446951953614e-17,0.012993121881767256,0.021832055692344546,-0.07686261006275401,0.022116616247645503,-0.03188775285048249,-0.0575709034117044,0.029506981793246612,0.12015130902194733,-0.02176837740797594,-0.020820259525747672,-0.07164059224314484,0.07072588140017023,-0.027976131186712435,0.018159636038803852,-0.0022061182548273424,0.013239106710386191,0.07594831609341686,-0.03235346265001609,0.09717660515365958,-0.004292696865149358,-0.02541602640393483,-0.07430263933812747,-0.04888343428976385
-3.7850226054397053e-19,-1.3402986326996624e-16,-8.862411196040668e-17,-7.617100162217538e-18,4.4909847106447946e-17,1.2480135937920337e-16,9.992007221626409e-16,-0.11505925036593587,-0.0819719409419289,0.01223406255591513,-0.06533803555317595,0.0039879887840895915,-0.11062065161695132,0.050892308636663976,0.019019945353573712,0.04042328223862929,-0.017680298099984445,0.03431554944322953,-0.018551669780244456,0.0989264372328351,0.0630049312995829,0.005244873165049703,0.07497106977641683,0.05194408505068454,0.014613109300755685,-0.03691587076676765,-0.04707874912020809,-0.0690043526618452,0.037382286252933467,-0.009278055931711979
1.849812126793007e-17,2.5275459401110564e-16,1.1606991349582864e-16,7.788742187120437e-18,6.465687818420822e-17,-4.549750856200638e-17,-2.3592239273284576e-16,0.03387940643001741,-0.0067691855627918605,0.029737888880137477,-0.020719362532236548,-0.018367765593866162,-0.010735128194938647,-0.05804645225980592,-0.016484171099709944,-0.020268522122822166,-0.021086017461032922,0.020383790287174675,-0.002361164330386029,-0.0030650059128018506,0.008590428421734728,0.005466082888411346,-0.0060912316103138645,0.010712022354911092,0.014915355547252176,0.0003284384770138777,-0.01084829596368028,-0.012715861853517169,-0.003841683372373694,0.0017087604654343663
-1.9870970297899985e-18,-1.5442725708655933e-16,6.005872494881089e-16,-1.468141303106825e-17,6.315407846057664e-17,4.923594557626758e-17,-6.938893903907228e-17,-0.01807239807689006,0.007400466093836153,-0.015778586339926282,-0.013650215241139498,0.037440928324292105,-0.02599978993358827,-0.020380607171811657,-0.008851094473227256,0.013334108819775856,0.006751078944025249,0.006587467889267894,0.00035474255334095976,0.019492374659367602,-0.0017458552219916518,0.009056319900425498,0.004110034746199277,-0.0052097457889074125,0.0005967235542691203,0.0040779397976495055,-0.022901546217712808,0.004838172933123645,-0.00334564198218746,0.005926811064787137
-2.720472029951751e-18,-1.1549452099575622e-16,-1.2324688880335374e-16,-1.4547351866443386e-17,3.21358921676717e-17,1.3677103890377743e-16,9.71445146547012e-16,-0.09684694477887665,-0.07382064462897521,-0.024814333331287648,-0.04298152288622623,-0.02891938357814018,-0.12168851106444437,0.05187292737678438,-0.01841622359726507,0.032840631331155855,0.011003621508511615,0.051614796543003626,-0.014371304193923174,0.08145955409607071,0.06290189909480504,0.004769366402334428,0.07517855426770245,0.015673228928827204,0.03998114122773058,0.00016615519113047432,-0.04326497489503258,-0.05874296376650736,0.034278874296933166,0.009263202144105597
-9.951964911855925e-18,-3.943169814134477e-17,-2.127052680622897e-18,9.073517864319494e-17,-2.3796790687851834e-17,-3.5459453660925537e-16,-5.724587470723463e-16,0.1858831200671556,-0.012699899581102387,-0.11439751765701335,-0.13377343527702087,-0.11211115012423117,0.12389924511171473,-0.06988024483141655,0.12778064882290674,0.11396862874245928,-0.10416857971576644,0.002837500786007332,-0.025176972504819383,-0.08987070019866802,-0.07333623564774384,0.03942713336635811,-0.1451074742064632,-0.030735889585653826,-0.070659787750759,-0.04913522842346304,0.015200357013480716,0.007589775110979375,0.02123400565834701,0.01856973282255983
-1.6859567746151737e-18,-1.0737012784842814e-16,-7.282371783977225e-17,6.317863518710643e-18,5.011953143590704e-17,-6.29360267636044e-17,4.0939474033052647e-16,0.0002212212397585812,-0.05615425934805546,-0.04035810269811218,0.02764331275657926,-0.09811577207747532,-0.04102017716187239,-0.0016327008787364154,-0.000883424721202084,0.1013034287976572,-0.06763046050473304,0.04929062467283117,0.07697355210816138,-0.051777144840118694,0.034519435793656406,0.040059381261643524,-0.0004489684828987118,-0.015308935981540437,-0.03893145618256267,-0.025117645074291664,0.025642190279249914,0.0479280828739012,0.09562707611361361,0.00953181239709153
1.8213594163416108e-17,2.8956655148876623e-16,9.989796813769533e-17,1.795386314946528e-17,5.9293519408216e-17,-5.755991366479671e-17,-1.6653345369377348e-16,0.018162407140099857,-0.0020440683715156798,0.015217122862141417,-0.023054716977827783,-0.025177632042891123,-0.018946769715278564,-0.063312364823892,-0.012851827629601478,-0.026709198604786287,-0.034723064210131965,0.029657180182017236,-0.015362982014321923,0.0007764057424763438,0.011408220001661131,-0.0025038051696200853,-0.01562395369471253,0.011315146799415256,0.03605856497796551,-0.008870632211084924,-0.009266008861217678,-0.0220880500968174,-0.010612345507447047,0.01702199316828911
1.1693518525984246e-18,5.578472101640073e-17,-1.2579835427003734e-16,-1.3057467875614077e-17,8.098398118827746e-17,-6.762255127511775e-17,-1.5265566588595902e-16,0.044266718618466115,0.027905311052203764,-0.04306499483450649,0.0018268239679928903,-0.040053832153319244,0.048423154249314274,-0.0109800063028951,0.00798360362205509,-0.007739728463402749,-0.004915351947737625,0.024811122710406513,-0.031097426212878143,0.01653379815186249,-0.025245812262896024,-0.01033615546412098,0.022094761198473114,0.03747838005008102,0.028732321186760487,-0.021242909741084132,0.016442286872031968,-0.010259284539848456,0.03684058093888123,0.013447683913155265
-1.1630147790733566e-18,-1.2251785439981091e-18,-4.912511710694352e-17,-9.69026844282296e-18,-1.7152151205103048e-17,5.3001083680961976e-17,2.7755575615628914e-16,-0.04699468923049043,-0.048303584904776334,-0.03703347535414673,-0.07475584693927896,0.13589389675809066,0.089945900243989,0.018774648429530704,0.038187369159350594,-0.04426094528983802,-0.016241747197424265,-0.0022994949199789737,-0.0006395785565779751,-0.020164442264248423,-0.01259646242010555,0.02645058538551484,-0.05001165307911536,-0.04150634085648418,0.014224189455518923,0.03823306774226701,-0.02059366031213605,0.036291794364996084,-0.021464016342235312,0.05558323598791753
-9.501181996908486e-18,2.6629478389247633e-16,8.986547109948036e-17,2.8049872216019805e-17,5.751611348262942e-17,-2.856244087539084e-17,-1.5265566588595902e-16,0.013509649169397814,0.004398744403788781,0.006998388504207179,-0.025415607561692685,-0.029091472276827787,-0.019489797963137722,-0.06320062984165106,-0.011597178342776546,-0.028329175010870098,-0.03305454473365041,0.025425322389658903,-0.018458425176260347,-0.0003567567617443921,0.016496136949996798,-0.0052488657212345574,-0.019256454687431583,0.011873322118853438,0.03752616186167082,-0.011852520570703282,-0.009263119397315769,-0.02106502998995158,-0.013758251794065573,0.02081466202023964
2.2090772990352333e-18,1.1381689801765467e-17,-1.984560568993384e-18,1.997205031419925e-17,-6.78374567282927e-17,-2.877469210114936e-17,3.7816971776294395e-16,0.026899876601773186,-0.09966684527278018,-0.04109793013489132,-0.015436022433150875,0.07478096873358399,-0.008784623919306345,0.06220035178733809,-0.0014061768667882487,0.030978660965254437,0.010160947818592427,0.0239121882990129,-0.03348337029050956,0.04887046827254387,0.05263436630124223,0.03818178040848252,-0.030405885039944652,0.05061915013761528,-0.014677387998792946,-0.021753246509832028,-0.030260264563219928,-0.04745258916969129,0.02495599911775769,-0.019581408150658244
3.3462948372851052e-18,3.054201965370853e-17,1.7586567909097963e-16,6.049463539578335e-18,6.076402288821607e-17,-4.99328887637442e-17,7.546047120499111e-17,0.018552255784998944,-0.03921927015972441,-0.004848884136879382,0.00017596143274390725,-0.012867437838079624,-0.04402098452663518,-0.011365171734649114,0.0059927143816494695,-0.03412915216551984,-0.025467523235403248,0.016701506695897216,-0.00845620509204962,-0.010554943392025777,-0.007290285187532998,-0.03513095023085802,-0.01790595510010846,0.010921047413639183,-0.03300143894969685,0.027908308836485214,0.002328612955701557,-0.021087666801241106,0.028671229859009325,-0.026847383626738393
-2.408802749788793e-18,2.042710363272691e-17,-6.685866363975894e-17,2.776706167455581e-17,-2.894437904096377e-17,1.065225346170445e-16,-5.967448757360216e-16,-0.024943722111851054,0.16941872732665483,-0.1318802484383828,-0.0651588874304334,0.08627506000871123,0.09640362852780977,-0.10397246118597347,0.1559513622566645,-0.05317697713706328,0.07111757222611405,-0.0586959663924122,0.010060122178277599,0.03766030797054356,-0.014554915507758058,-0.007402195070708558,0.11030610860374777,0.011035784175583603,0.05510720439986716,0.019371003964751055,-0.032075279211598605,-0.05076960108450347,0.04709222754381432,0.004916420844399671
-4.943782631532224e-18,-5.559343097322541e-17,-4.435113194736958e-17,3.5419348823504535e-17,3.220366180602201e-17,-6.905319461155194e-17,-1.249000902703301e-16,0.06142223139245397,-0.01365495959631446,-0.08299500919997194,-0.024215737577931405,-0.04150155738628526,0.05901790210608978,-0.01988376443070379,-0.031160398496278087,0.03578468183251689,0.020395418635069714,-0.008186406989322006,0.028482968331749573,-0.010157481167377398,0.03455829680672997,-0.0057584019280774714,0.0020723056533085474,0.05323945276663573,0.020527999255342353,-0.044350052679590475,0.03143686016958489,-0.01274437822369923,-0.037199788712454745,0.03288704457026042
1.5167917935013982e-18,-6.931039182260636e-17,-1.23651497750338e-16,-2.9118331511116637e-17,1.0164155780266213e-16,5.4349301805352125e-17,-5.828670879282072e-16,0.014898607189706094,0.07599860995583518,0.06661951760575209,-0.11914376861265905,0.05883199698060973,-0.040210287274232176,0.02282731386406062,0.027369860763412548,0.048491237399633326,-0.01426540750855297,-0.08512409750890838,-0.1307086611147628,-0.012492000999740197,-0.02990295310170133,0.04291423810577583,0.0338062704387668,0.01819991774070832,-0.027080202713740023,0.023845381164352943,0.10328292365405538,0.021410505201489613,0.003548993099695807,0.01936962937642388
-1.0384453812972045e-18,-7.331359457534314e-18,-6.26079234969046e-17,-2.165610938361006e-17,5.678359422127979e-17,2.639742731854379e-17,-2.498001805406602e-16,0.029467076234675846,0.03208374041557638,0.06059800383639788,-0.0055191619382871215,0.04563200179997117,-0.026866657497194257,0.00744870822797471,-0.028442743413745062,-0.04307453176432153,0.14096413158977167,-0.0007358058728021952,-0.051462724611589496,-0.0009226936017288667,-0.10852726369062202,-0.0021869000441327668,0.0887981262233289,-0.00854655445651449,0.015904050827367847,-0.03830592258531187,0.08616111082126265,0.02218162955612109,-0.016804895723098717,0.01816775950932892
-1.0730501346025311e-19,7.187605910244893e-18,-4.053917986702119e-18,-1.682762284729352e-17,-6.221276745034991e-17,2.9952466682728033e-17,3.63207727782644e-16,-0.03008441269708015,-0.06762291155289366,0.0013672302541270231,-0.015991699863209134,0.011745443915721262,0.040383411686562405,0.05871006191778753,0.008276668258452214,0.010793135981477556,-0.003303156034657615,0.042554435999796414,-0.0043139375385659135,0.019774027633434166,0.014373179520503645,0.0017622287689476107,-0.018694123926434058,-0.0030565141747029155,-0.038215053099831184,-0.031030076572510383,0.014849276700670851,-0.018326791177872802,-0.013662324695739704,0.017100417687569515
-3.2654124277088516e-19,-9.477224583149049e-18,-3.363600930207623e-17,-3.3435646216327745e-17,-5.277779422315593e-17,9.006985924334526e-17,2.3592239273284576e-16,-0.05111147233681692,-0.02655809684351213,-0.02152880824558708,0.061206147967288155,0.020561688946309387,-0.03159298167489412,-0.01869748969771171,0.03182342470510585,0.0036344062136499083,0.07543952741723609,-0.0053450276198352634,0.019319201132768093,0.05721489188240117,-0.000781892808666822,0.02455657391365009,-0.01745065152521137,0.0017047484634564619,0.008346876553264512,0.024308129816730407,0.010451602374095691,-0.015421987477661327,-0.02101261977542757,-0.033516382716405696
-4.782062592306369e-18,-8.077008667573896e-17,-2.9174937077857585e-17,-1.4047874067397143e-17,-8.288941715906433e-17,2.104238491920291e-17,4.5102810375396984e-17,-0.03885311710296228,-0.0034715422485716925,-0.01721989220667982,-0.03183159868883856,0.021295975871878123,0.03741623440268146,-0.046223044832704875,-0.03906514188572071,-0.04919147806674991,-0.012228853937137798,0.043591419161705794,0.022136548138924763,4.3651411567250684e-05,0.024364433506298976,0.049376748984789616,-0.03970769780378303,0.003280078252376733,0.011803319655773921,0.012572934763114765,-0.024897022924379696,-0.015112684852249533,0.038080317621198026,0.01805601639939908
1.2655991377984944e-17,-2.6866054752637267e-16,-3.345751082641987e-16,-1.0262514386323991e-16,2.6759964554118e-16,3.229063845800141e-16,-1.609823385706477e-15,-0.08847732300568534,0.07666978652286653,0.41917554558063164,-0.3529526646667656,0.12036833535627552,0.026495978097754544,0.10040869895396277,-0.03752908367400671,0.058847898775817385,-0.12763449073534244,0.03975923569682623,0.010804244378971727,-0.13119418926676762,0.011208053431638281,0.0019514935386684689,0.031657590252616885,0.03420237784985973,0.031620276388623574,0.09413658951787471,-0.027840776713533754,-0.006253044669885338,0.0277547503570276,-0.0016986559477078502
1.8249694482015626e-17,2.3924952258146353e-16,1.1479614594718632e-16,1.041423602045263e-17,3.8107312588435814e-17,-4.326793432533314e-17,-1.0408340855860843e-16,0.00871051858149028,0.004633704279132185,0.007970461540423598,-0.012123800291994963,-0.03678357967167175,-0.01717585652832625,-0.0589515967217606,-0.02082525854137301,-0.013490903708519715,-0.042078406314530054,0.017436388124642436,-0.003950542432872806,-0.0330450957922773,0.0065060428955501385,-0.006881218252598122,0.00557916147190285,0.0023776422277644108,0.01066399146667956,0.010437111407472742,0.003005342566779481,0.0021123038269019482,0.015648055434095014,0.01885969141728312
1.7143469020218585e-19,-8.906915553638299e-17,-6.401024120040248e-17,-1.326549956823449e-17,5.322014860594493e-17,8.004105686144769e-17,5.551115123125783e-16,-0.052993998032212226,-0.05413367055255317,0.05965917696377063,-0.01360429028699817,-0.01038047801100802,-0.07129989526493166,0.023378417389035143,0.009051270054766634,0.04922704423784727,0.07345889924536689,-0.024125060467353222,-0.09107504443618664,0.04076389377727857,0.08392662766252215,0.007141290183633067,-0.01923075482779204,0.025465460135667032,-0.047558064844307316,-0.03652509294911963,-0.0386145896007979,-0.00693467052339147,0.010373200765357984,-0.06259184286575377
-7.398577999936336e-18,-5.781444974286635e-17,-9.036765642373187e-17,-1.6363456663481585e-17,9.77954901939355e-17,3.1486221356421044e-17,-8.743006318923108e-16,-0.012493380146352654,0.11366576554368966,0.20434280938402363,-0.11576127750603883,0.05751154881295869,0.03721917524418772,0.0783148429173669,0.005319570270467512,0.012001761593863553,-0.08276242039826924,-0.012486945307388165,0.03460555560675777,0.004699721814338381,0.02799027302228609,-0.018782465359787736,-0.08285070402871608,-0.04410141640711948,-0.018378470988961955,0.01687842729199307,-0.03555763457247414,-0.06312613747538133,0.03227720732701174,0.0623585582155668
-7.399475233244104e-19,-1.6214377126441322e-17,1.136724363802319e-17,2.1964056845113376e-18,-4.536499206119029e-17,1.284381671700486e-16,3.9898639947466563e-16,-0.0773659980939715,-0.03580756014860353,-0.0264448416373981,0.0032791299153343647,-0.03995999203310901,0.020382494680091855,-0.00033422778008739305,0.034889198037374926,-0.01977018771791063,0.08493784227292896,0.004675253874845056,-0.04266305205291925,-0.03405936215788956,0.01608703597017164,-0.09312650650965691,-0.04693699291500441,-0.010701522277559189,-0.014251833001178807,-0.060289177558441945,-0.058533497618524756,0.07942981847713991,0.11577493740787066,-0.0006223986274071421
-3.9242095149192767e-19,-1.952385525350802e-17,2.075183910658916e-17,-1.8682701253141456e-17,-7.826586773386281e-17,1.0829077455810506e-16,3.972516759986888e-16,-0.08501905443140842,-0.025902448509439784,-0.04635090208385874,0.017384154334213215,0.05393278249352284,0.03174504637856593,-0.02920260558060527,-0.012710321243626956,-0.0386346441899241,-0.05524241540185131,0.03830148815281505,-0.0309105821825372,-0.06195807328854161,0.030005704480370522,-0.01942311036879241,0.0010652845562547453,-0.021893277501542126,0.03019247358063377,-0.05456716248969089,-0.005293367283939025,-0.030925249532299495,-0.044758339459316086,0.03313433439950786
-7.487858499908541e-18,2.610838387593813e-16,8.036906408527533e-17,-8.046195053168663e-19,5.129907019618455e-17,-6.570552697374577e-17,-2.914335439641036e-16,0.04982081980988915,-0.02826168291310602,0.06421486577671255,0.02110650529461113,0.021068654480193547,0.003261615928485763,-0.019328879982895775,-0.0045365645192404075,-0.024786092541777664,0.00812528806575533,0.018634088505536092,0.013787933887685996,0.020825471724252583,-0.0003616125160495989,0.016870777570976714,0.025582851594556335,0.007455857781886827,-0.023535164746844573,0.006523913162285243,-0.002049733769673852,0.014453265505884156,0.009108799824198975,-0.019717484306815792
5.041692659227998e-18,9.102686498351157e-18,-6.810015702988247e-17,3.6827845118533215e-18,-1.7218159090152337e-17,-2.917295617885696e-17,-1.7694179454963432e-16,0.03212483270166249,0.028903509277186913,-0.022661078665027198,0.04216466812134558,-0.008022371486351728,0.027602323556043123,0.009754062783682254,-0.05418044812894943,-0.006833334151929434,-0.006611241673834611,0.018958056981893567,0.0032787770912919775,-0.009765723788800515,0.0002720279281364359,-0.03389273695871685,-0.015147087281531904,0.06169271184195283,0.02450997970029432,-0.021366076658077344,-0.06536748097167618,0.020473361468437506,0.0009978705515034138,0.043712860520267446
-3.10172992661536e-18,-4.460783255905527e-18,1.8841893429924855e-17,3.9505255118589815e-17,-1.0515778272832814e-16,-1.8706443411879742e-16,-6.938893903907228e-16,0.13228622178629912,0.05196855887767165,0.0787978062508055,0.11921147517103581,0.050089287174987174,-0.047249393293601415,0.07983591901270617,0.11756759524996695,0.005459520747487186,-0.03650531604701099,0.1377352859549949,0.016025593408001342,0.009469032353476148,-0.00025460247519136015,0.06546094884165995,-0.09159798336919393,0.06371809815917236,-0.031147012840360252,-0.10305445170992301,-0.06356130071482612,0.029429539037984637,-0.029805952277884833,0.07924476753887974
-2.777172127486752e-19,7.269116808546948e-17,-1.249277689764325e-16,2.954402280297418e-17,8.00064604908785e-17,-7.355438137033356e-17,-2.7755575615628914e-16,0.05128062685069206,0.017006193353806476,0.04489402210473406,-0.0036409630966384053,-0.01539754883385221,0.01920495499530622,-0.000814442586517999,-0.030760457111187245,-0.00012312544009917677,0.025262355752626583,-0.017056538796971544,-0.006585390622881447,0.01787318863205801,-0.012972222397669252,0.028461011134439752,-0.035176025125535575,0.006264117162957813,-0.027875763937989097,-0.013731470081952602,-0.029692299779925144,-0.011371004835691614,-0.047143870981311106,-0.02116135223641155
-1.7494343752710713e-18,-3.172661475567716e-18,-4.28784210664217e-17,2.6357277553942418e-17,-1.1597574551116634e-18,-3.685087797168802e-17,-5.585809592645319e-16,0.03868537591426043,0.10237348920122356,-0.0006050447012101874,-0.016535602133334028,0.005800731475445719,0.03302117066110357,0.024331248584336045,0.09507666016110114,-0.07511758757560248,0.0391608432718448,-2.3818156206326728e-05,-0.011066388646788645,0.010929938560129405,0.05815188571121736,0.017799761459005824,-0.025924617088363,0.03773700464003898,0.04303661632430241,-0.006915465620049567,-0.042922030996910644,-0.008406271777776014,-0.015554174597928986,0.009632615899229122
1.7925596850630118e-17,-9.438104735514233e-18,7.208335583401224e-17,3.3563425470565535e-17,-2.807657060934747e-16,2.9074300203181255e-16,1.0130785099704553e-15,-0.15461827646974227,-0.02716773554474123,0.003760480827333782,0.14464009068890712,0.13872876323352623,0.08925142673111275,-0.0001942233536447704,-0.13703730500730224,0.22335980286867999,0.07813096876885577,-0.0565534900819798,-0.17553029776329906,-0.059107783803483596,-0.1419390354278609,0.14962554089410307,0.0624592936241484,0.0854129077046863,-0.07296093547174622,0.06919720702665791,0.02411705583663068,-0.1309362349956038,-0.04994397507286845,0.13654391274606614
1.149894361055231e-17,-8.928539676782237e-17,-4.564752518548059e-18,4.6563475191693615e-17,-9.159708027082595e-17,-2.654727534842107e-16,-1.033895191682177e-15,0.19439548936165105,0.029028191193626564,0.13624330899163045,-0.03354825909046117,-0.014808673454447358,-0.09530173682015117,-0.048938759925015896,-0.04448912680187724,-0.010577451184872733,-0.008150246846222073,-0.07433070651398359,0.07327432952523698,-0.005069682058908388,0.054838648217042825,0.028937671131565444,0.00890643817887763,-0.06182774541865434,0.054934867622128195,0.016924393778687572,-0.006709832669675817,-0.0479358036352794,-0.02549874882503875,-0.05015148109000878
-1.3538694587016711e-17,-1.839324401907062e-16,-4.3733301164511065e-17,4.819154978413206e-17,4.062514654634778e-17,-2.9189596068512053e-16,-2.498001805406602e-16,0.11649208250395324,-0.13887469956544954,0.13911837669316424,0.37881296406563075,-0.1528987489441157,0.34985292426351733,0.09254992922124809,-0.07439697268689692,-0.09774733626025069,-0.21560545874845352,-0.19222780023115957,-0.20644867812145878,0.07529629668653964,-0.22136821945105817,-0.037194067918562106,-0.04128052027386977,-0.017953323542299414,0.09994241255998253,-0.09121810908306607,-0.11081051796356774,-0.029480722133205524,0.048139535285744606,0.010438407453905615
1.3031671773565802e-18,1.3604561765838462e-16,1.843774843643702e-16,-4.86934620783805e-17,-7.144373250032661e-17,1.0985996550467093e-16,4.440892098500626e-16,-0.0511150110719494,-0.08635257800018291,0.019164636796371343,0.010456897783840154,0.07031562478698743,0.05952947241877498,0.11575364450170861,-0.030125217287320222,0.020933641817306416,0.035906142424383135,-0.005795991781308217,0.026866543158194003,-0.07694359116813348,0.008416183659096473,-0.03797616395521234,0.022564022117308746,-0.09734248105675661,0.048385234111145516,-0.007324701527479779,-0.003394121029958742,-0.08593990489900129,0.05234782494940822,-0.10768315626735366
-3.1971469414214705e-18,-5.952542903988353e-17,-1.7197128553960238e-17,-4.9193391354259485e-17,4.229239251671411e-17,6.0211497092225e-17,9.506284648352903e-16,-0.16900676083672572,-0.022319825964572722,-0.06350170453577518,0.10532792555184334,-0.24138834508487378,0.008759545400436749,0.02909565334305298,-0.10272374363454852,-0.002243502717650355,-0.04821656544325929,0.042469742578588474,0.030567437715869006,-0.020933185970594667,0.05603157019741882,0.36075294304626554,0.08976795718501507,-0.14041110496435774,-0.05023314285677725,0.06189393281464957,0.04927185116887694,0.18305001931042844,0.01651741247967829,-0.04189323554729186
-1.929749775090069e-18,-4.3708014077838173e-17,-2.4377064591729833e-17,1.6686617219690325e-17,2.934036849192925e-17,5.939506074633943e-17,2.498001805406602e-16,-0.042583481220965586,0.03255032092312826,0.00965106643518084,-0.018827362945974535,0.020878642182578115,-0.027184563231435192,0.03836148195169675,-0.005113947476550891,0.017436555741143035,0.012330148866768647,0.04740193111082575,-0.022145034270561335,-0.03158907388209468,-0.0037224501177863093,-0.08754697143821398,-0.08124752705326947,-0.060346188714523734,-0.03858273248966751,0.03472840651851878,-0.016475303896662036,0.010192876838969883,0.02972676441005271,-0.035060245915230555
-3.3344825930589296e-18,-2.2261865011699375e-17,-2.3145082670542676e-17,-2.436503031295499e-18,-6.974959970078848e-17,3.0563550309955997e-17,3.469446951953614e-16,-0.039296684475692935,-0.03528319426501105,-0.08464642065736945,0.05977092835824692,-0.06927247335672608,-0.03421385540327229,-0.05250500966411534,-0.07995100410403794,-0.01702503760629823,0.015381836277355601,0.002278977213254821,-0.04165951130490344,0.08392923735202672,-0.006687011743131361,0.02553599183209815,0.016420959820606672,-0.11283784659620137,-0.01571665741826046,0.02523658737861745,0.035683691451113754,0.010294722391035795,0.0009562071057376738,0.031683742452169504
-5.593355618849461e-19,4.896428504789618e-17,1.0713351806610217e-17,-1.2171489279558516e-17,-1.345874282952972e-16,1.1657242999485522e-16,3.5735303605122226e-16,-0.025099284299745804,-0.06611891194400475,-0.0009060555031548706,-0.0165190560569003,0.09289070318910891,0.05775589573719568,0.09839921338450552,0.005039343819306274,0.07304865525424038,0.0707029479177037,0.018550967150896228,0.07367332716309609,-0.013710937527887814,0.037109386630418406,-0.03253244634657346,-0.02493466875724076,0.05296691691612308,0.0068034356435706595,-0.030455377265799236,-0.060176908285560646,0.023628432074121807,-0.05429919746842995,-0.06117778125805296
1.6738936629082394e-18,-8.905183926979415e-17,-4.121764901126131e-17,-6.70356306365447e-17,-2.3135109134802788e-17,4.506012062810757e-17,4.787836793695988e-16,-0.06925103756621205,-0.0995462814044738,-0.0045360355568586,-0.06741531007254412,-0.09177022134607239,0.02310515936532932,-0.02976982320821821,-0.032229781082972926,-0.06067695189743233,-0.0003138227637454845,0.0018946581012696244,-0.0024510297973322223,0.015271001554813984,-0.053833532423552675,0.055911923784855794,0.00852464126712036,0.03054870023360298,-0.041933425967472085,0.010722683749260865,0.06762667856673894,0.017902649761559156,-0.01903961694854909,0.016202874035059198
-6.0310234422409694e-18,-5.2374422558718837e-17,-5.812418352718483e-17,3.059537308512393e-17,3.649001580319565e-17,-5.746200759214137e-17,-5.551115123125783e-17,0.05016225560886214,-0.03609202447614075,-0.0658010361438621,0.002889099483125317,-0.037168656707192334,0.04184828676027753,-0.029143586232143224,-0.00959690806565767,0.015825461198025317,0.03232833426331042,-0.013791590055974223,0.02851157762109315,0.009332700489232753,0.029667141100498038,-0.0054065968668461275,-0.0015139296519053479,0.035326193964913544,0.012173432179362686,-0.012417224544528782,0.01791089837973485,-0.02046004561543933,-0.037822170216593745,0.015742655971845827
-3.0409793972105996e-18,-1.2700940080677797e-17,-2.1326434277195787e-17,5.408318648752765e-18,-3.6438189067301916e-18,1.2609988138626517e-17,2.255140518769849e-16,-0.012057802113289228,-0.038343673052565926,-0.041309080478480045,-0.009163783978218494,-0.02260939187206667,0.04592017571940696,0.01788804893707762,-0.012326317125560371,0.002275115329938293,-0.0020469242720358087,0.015075322490938663,0.0020034256796018506,0.01811264745715814,0.016367630134027217,0.015821597877282097,0.011798109215272303,0.0021754867940026834,-0.0119444467250339,-0.031170844843073184,0.01660599982346682,-0.01283902647411991,-0.024661665411989983,0.017596356574298547
1.7471702105656185e-17,2.6673713922605167e-16,1.1972825281642754e-16,6.815488988875007e-18,5.2686972122073247e-17,-4.3988425328681054e-17,-1.0408340855860843e-16,0.005806937167454144,0.011250542881430053,-0.004702561197471694,-0.03691326759011405,-0.04767649831654753,-0.024726300069924382,-0.07819932461340998,-0.020666830032221018,-0.020150942082546138,-0.05050078092410991,0.025183541349528583,-0.018931337179058386,-0.022963788057350557,0.01435901954102338,-0.010079616084764171,-0.021707839592407883,0.009228134781952434,0.043566656947133194,-0.0048055525859125115,-0.007942216560847747,-0.024150380379166853,-0.00648898080429399,0.028434386759233987
1.364286699654534e-18,3.163992105145458e-17,1.287139955616165e-16,1.3734817415781187e-17,3.554823260464991e-17,-6.601005591772587e-17,-8.153200337090993e-17,0.04806525246153787,-0.03128548143844723,0.015618117356671981,-0.019308826914337916,0.026313008735514874,-0.012743416711302698,0.014314778908416554,-0.01806304696306011,0.01624816582812203,0.0065561029932825424,0.03721202542856284,-0.0026204530028166337,-0.007062803415347567,0.02198302187093511,0.020916594730174178,-0.014947234912079556,-0.038066236898732043,0.03059216012784244,-0.03893382462246381,-0.01723829014742185,-0.003583986850306747,-0.056285960953664615,-0.012965894624647483
-3.41986800105292e-18,-1.571260295247373e-17,-5.262563754040106e-17,2.5297793083898137e-17,-1.9754832400324617e-17,7.504376908210107e-19,1.3877787807814457e-17,0.0361151133424054,-0.017848683513444413,-0.1134849260199285,-0.05424117300698639,-0.08719431253641063,0.04050195922365575,-0.049581051119184434,-0.07549811952659101,0.09304614438500651,0.057796960210347095,0.013435152119929966,-0.054843096949761666,-0.04145340359983524,0.05466389690143241,-0.05843238983261713,0.034408365255393716,-0.054526508929309714,0.10157943931949882,0.00367793247864395,-0.02569589003267558,-0.04246240024297552,-0.0735913607862542,0.046946758279379594
-6.859283371474074e-19,1.9788030503102665e-17,-2.054574426653397e-17,1.2061922245881144e-17,4.246554945305356e-17,1.67910191931957e-17,-2.220446049250313e-16,-0.015584983339140072,0.14664064155753426,0.05976057620318533,0.019690324901892816,0.05032310316189528,-0.09557942247391385,-0.004826732606648774,-0.03300186146905368,0.10356879783433852,-0.10354673225081355,-0.05550499844990542,0.007827090065906633,0.10997948995003867,-0.02478357355286495,-0.07737661084388643,0.004789946742998002,-0.10928155125016929,-0.05481546916346599,0.02959482464851945,-0.010444489913970342,-0.010653093007074073,-0.003494396902375621,0.023392237529670037
8.225131652786326e-18,-1.826077772924553e-16,-1.633439850668403e-16,-7.761975221371165e-17,7.5864664001632e-17,1.4405336863849752e-16,-2.42861286636753e-16,-0.05558367010833996,-0.022590083209646644,0.16254339801059733,-0.06994115413054607,0.02688501719446696,0.056006240130629,0.012542590396731924,0.0032872117697298996,0.012474942908255291,0.010798350291823472,0.05031335344470847,0.05050371769565491,0.06445236167573341,0.012567655657864189,0.02712585033111955,0.004673129522134918,0.08683392904103716,0.10396905958611682,-0.0035039788416456807,0.03830598096741156,0.059745072043698645,-0.00034594596269588195,0.021171131918515735
-4.000672043058273e-18,-3.665471415525135e-17,-6.781872767036516e-17,2.7554206791336355e-17,2.109048993210819e-17,-8.797124242278074e-17,-2.1510571102112408e-16,0.06189304134322967,0.0037105899392145896,-0.04287874222693825,-0.0222033651454009,-0.019454623566538643,0.035791569005630235,0.04402822901643483,-0.010486580904203032,0.04950261266018202,-0.0487210953538776,0.011598900657950892,-0.022486783187907262,-0.0075831838689097595,0.03349757802409994,-0.013821253754532196,-0.0325615084311805,-0.011824749246247133,-0.02448602408939999,0.029607970868185535,0.005617166805005662,-0.010947263669626745,-0.011319810013531897,0.03387521919445474
5.639806264989401e-19,-5.99008958572872e-17,-4.8469178205107206e-17,-3.136985767450749e-17,-1.0478404549582481e-16,-9.236482663848015e-17,-2.7755575615628914e-17,0.024635136504052545,-0.09784300975249545,0.05535670061067493,-0.12263986494743427,-0.046778226151620764,-0.047048616826530686,-0.10541008989948052,-0.015975106657791577,-0.045921151685979204,-0.006899920648275629,-0.04692069257658847,0.02202710896504284,0.014037092514212314,0.010485681401501653,0.05304484481644819,0.012444483737717248,-0.029496279759781318,-0.00906504544144977,0.052409102973489274,-0.013565341123023857,-0.0003100512814820179,-0.0092328776652189,0.0249612716468107
7.003961940533566e-18,-9.270159174671682e-17,-1.0504884965009745e-17,5.42547019849329e-17,-9.056964904074036e-17,-3.9104064768290787e-16,-7.771561172376096e-16,0.2349680445028099,-0.058193661294515794,0.12847636121464906,-0.04980826931105787,-0.03771545725532187,-0.09851668386989955,-0.02346714934203362,0.023725297590186302,0.0892333818448905,-0.03474135639751817,-0.09670390841021734,0.14894548610988134,-0.005973745415175308,0.016279798873624594,0.010470895355529052,-0.0383907657794333,-0.12424700907724642,0.06119668466961424,-0.004859888429939335,0.014712266245757529,-0.006597647960404128,0.014620333061930151,-0.0647486211556121
-8.145883664691097e-18,-5.957637356454695e-17,-9.882224148385833e-17,1.7389139034702223e-17,8.656319442116738e-17,-4.8777215057748596e-17,2.220446049250313e-16,0.033372651414167585,-0.09773431695670971,-0.02883254811366228,0.042532713623844406,-0.059188075092004015,-0.04327116773742961,0.03453319123028563,-0.028280050876945947,-0.0876999265421346,0.07373798683085407,-0.004944060257840321,0.015084126395272034,0.03959578988737439,-0.01192585914350018,-0.025890688597206408,0.0006965310121491822,-0.04566319350766669,-0.012433559475609523,0.02263836965698374,-0.004204038852255577,0.03567151623097368,-0.00804812752358293,-0.0019396925509145577
4.653710932566371e-18,-8.54567431943035e-17,5.749995190047382e-18,-2.0336733471075292e-17,-2.1182557441869088e-17,-2.2111499624298355e-17,-1.3877787807814457e-17,0.02371825573736778,-0.0208769829261834,-0.021776616988354515,0.10276345426767637,-0.04851937223286659,0.09195078258375618,0.009649207312985577,-0.012339710380599311,0.04865721387726631,0.010801835253658191,-0.06258065803008317,0.0010328506150364795,-0.06474360361577938,0.04278296697461082,0.018645997874121915,0.05256431752210252,-0.005613258959442244,-0.030326501293480745,-0.020026088046559053,0.06014814121066653,0.01780363488531772,-0.06574862061190966,-0.02621651752354705
-6.886146518932206e-18,1.5554804830231817e-17,-5.211412042019973e-17,-1.9603903342880455e-17,6.678843626268378e-18,2.0916653541502176e-16,-6.938893903907228e-17,-0.08347140875784269,0.13644395552162314,-0.04017482676030624,0.0011790209599262763,0.14489251511048346,-0.09088471853834221,-0.025504976304052875,0.038395867088936796,0.003276010587588265,-0.0011243531235302548,0.006090635800449011,-0.14700544990155634,-0.00676069994937525,-0.04362796971265802,-0.054449209199894516,0.03909081628552359,-0.043686488041850324,0.0002200607841523344,-0.08748956748934032,0.12347433776201854,0.08543526112526427,0.07213493523200443,0.04556921317779299
2.619812546487547e-18,3.393964509792055e-17,2.2051559219826174e-17,1.2826656350472057e-17,-5.282691676654157e-17,4.217822775950233e-18,5.48172618408671e-16,0.011087277701370453,-0.1183433786974873,-0.0289306393597623,-0.024006130508917985,0.12648727485179512,-0.030819952575383672,0.08363851183259167,-0.01107340895501685,0.03596824492355076,0.017372648952164886,-0.010461541543171015,-0.033212560615549475,0.0704167689082852,0.08215241732859198,0.030483082273939508,-0.025324665911198453,0.04827243391737462,-0.0030852678658170964,-0.016778272770104595,-0.040534158524125376,-0.047862143660176236,0.03018647356130833,-0.06431697144452972
-3.2004185030918397e-19,-2.5763608534377736e-17,-1.3616292258234713e-17,4.6290328071713425e-17,-4.106974597884081e-17,-7.634005153822895e-17,-4.745264917766986e-16,0.059020055616259524,0.05129397909806551,-0.038568927890501634,-0.015534915729379309,0.0349213602325577,0.10631403133542208,-0.08862732392211319,0.07331469021448746,0.06783653150699805,-0.04035963009992134,0.016939705166977733,-0.030789576277936263,0.11788423689445446,-0.0034928775570436197,-0.030709540698267857,0.012522984040929365,-0.03519907911368946,-0.04414246378133113,0.029498672866532863,-0.05226788193790202,0.025319237150429785,-0.018437667084991997,-0.03703702965830434
1.0422420305829862e-18,2.3259596480394103e-17,6.920986507752626e-17,-2.046335868678861e-17,-1.4225899900478294e-16,7.316777564712976e-17,-5.551115123125783e-17,-0.05222828071923631,0.11926860049092775,-0.0316915104146444,0.07604265344904121,-0.08148292452426252,-0.036641052341178725,0.04226712785454279,-0.03826910715204382,0.04421815365215124,-0.013498333067146814,0.05245756936072658,-0.020045259152014046,-0.020318209880973468,-0.038828481830756226,-0.012829503814057171,-0.007936885265929807,0.0038638987208646203,0.06760850164364307,-0.0552139614897121,-0.017278517917712708,-0.00989771785585324,0.05550104322157312,-0.00927928321313198
3.7835189307622085e-19,-8.769141953514032e-18,7.866507067246789e-18,-4.4079648848417117e-17,-8.462362768369352e-17,1.533741774587902e-16,3.677613769070831e-16,-0.12679029452130228,0.08155471295638332,-0.009680500637658797,0.06083547803652883,-0.09440667633544202,-0.009083283337323864,0.03408919635834629,-0.02223335612844612,0.040053709647957896,-0.0157743595031973,0.004408261213549753,0.007857129969826179,0.002745007212689405,-0.015847885285107253,-0.01361462641697567,-0.02022148482273726,-0.012262813194336697,-0.0007384879909596467,0.026333701747464043,-0.017889413527354348,-0.06000303331534787,0.04101491201921963,-0.02980474557050177
1.8394166100206614e-17,2.7706206239002533e-16,8.012562924217315e-17,1.5474251948650215e-17,5.0219712801496113e-17,-5.2356454437583496e-17,-1.6306400674181987e-16,0.02100336387432211,-0.0033939420565167206,0.02127004625336897,-0.01269926709527184,-0.026556255379794946,-0.013907911229744604,-0.0571529647322219,-0.019337709569275593,-0.015425029858470198,-0.033706399153308225,0.020289709867100724,-0.0012382523793850698,-0.020399034225582195,0.004647000640855138,-0.0005058639038603579,0.004100172611591711,0.005132988404538383,0.009961580733157449,0.008289895303546435,-0.0018875564573748807,-0.0028110458867258467,0.01027960148969861,0.009763744510373122
4.5351778482239125e-18,7.758789547673455e-17,1.827475164816354e-16,1.4199785059364415e-17,-5.664613408415768e-17,3.4920114680030276e-17,8.326672684688674e-17,-0.05000817419206663,0.04667795813875157,-0.04178178792080928,-0.02193176698613216,-0.05086781354072488,-0.01652939513506815,0.08096054147164597,0.08563393776086743,-0.03731377301337137,-0.02965174980807988,-0.04155358993531211,0.08140244528290921,0.002915777674290614,-0.07207281796052281,-0.0024972464268142374,-0.029436718430479975,0.103302635211245,0.00483659092601316,0.04335356133336019,-0.07410761395911794,0.03506662030096266,-0.02707155528355079,-0.021822194070478244
5.240098416475932e-18,-1.3315822306182866e-16,-1.340726287909286e-16,-7.065812773730725e-17,5.4797318949792466e-17,6.658099573565433e-17,-4.163336342344337e-16,-0.011185365522347761,-0.04827848829045818,0.1741671790770217,-0.09782999216744495,0.026711415771089816,0.0746571092430625,0.004500309434912056,0.031174588717981084,-0.005868651773214391,-0.019839387869196347,0.05299037116588067,0.04779340391034864,0.09523156112124138,-0.011388058903764804,0.030799640923449986,-0.017613750654457635,0.08199706047633885,0.13795561368407744,-0.039912299013430866,0.024472457556119327,0.05171710182097286,0.003407360648888443,0.01905761073163818
-3.58142881264092e-18,6.177256139724662e-17,-1.5149574086784262e-16,-4.181593076189913e-18,6.619179139780901e-17,-1.3848506532402501e-17,1.214306433183765e-16,-0.006537660271225441,0.02690797360921597,-0.05575470991574586,0.005473846746659149,-0.02016483061779537,-0.033076400829442805,-0.0008298718156741342,-0.01815828167046715,-0.008757360130960774,-0.01461549109685779,0.023829947233157532,-0.008604227840365755,-0.0017487995004531057,0.00028651888403070756,-0.015151114987949105,-0.012438784870258218,-0.0001842672782284741,-0.014147179955513242,0.04538625848847211,0.0017266462651087178,0.0002712379824985665,0.014368765416735874,-0.0437315907400083
2.7995676827944536e-18,-7.838584409943804e-17,-1.3599042364586314e-17,-4.715989815241292e-18,2.3166165975008872e-17,-5.632527992916597e-17,1.734723475976807e-16,0.0180256829479327,-0.06776915919664406,-0.006256445575750135,0.04041122230979481,-0.007756398299286612,0.042067630216943284,-0.03857448916729959,0.018822411940294607,-0.030998532553111073,-0.0004995099782002482,-0.003247857858768775,0.056876114359368714,0.0018023025475109827,0.0018209186450764251,0.005438524500323018,-0.016067199316184493,0.03551530227177037,-0.016500157028372014,-0.03811085094075698,0.04327843010822099,0.02116110130378496,0.010639196415012191,0.029626514281847215
-7.63180984134804e-19,4.653600779560989e-17,-1.8148250912903387e-16,8.786950660268382e-18,3.963710850735273e-17,-7.684723735396238e-17,-9.71445146547012e-17,0.05662977935950593,-0.014315500515817967,-0.035571400598501474,0.013498440087065907,-0.024085778771611038,-0.01265767537941924,-0.039289255008340566,-0.045732649779192565,0.008384390144889207,0.030467079143276773,-0.0032143479408135015,-0.030974753494517872,0.000629538913426949,0.010768373255930108,-0.027206194923897517,0.003171212350332776,0.012076740478087558,-0.01874270410783646,-0.011264770886262727,-0.056399329487813024,0.01204155694469597,0.07327446159327963,0.03177621386875821
1.7989660245881267e-17,2.706358164705593e-16,1.0242514252614628e-16,2.3007111857893347e-17,4.773946874907676e-17,-3.781515108333965e-17,-1.8041124150158794e-16,0.02062606885260841,0.00024326442567821168,0.013912442162628748,-0.029842966567743972,-0.030008346390510872,-0.018687270660771145,-0.06853870703415485,-0.016255545334821837,-0.023696003844342887,-0.03537402966323771,0.026815371108824447,-0.013861924303505753,-0.004863994218579974,0.012071483160602048,-0.001856674883070186,-0.01811964490639248,0.011700089533557945,0.03582773439600109,-0.006860241228513868,-0.011400376727118746,-0.023821596677651016,-0.01065401521468029,0.015690379617054405
8.295574487196083e-18,-9.902167358378095e-17,-1.463159424083005e-16,-4.4120565609082284e-17,-1.372919449700052e-17,9.939901350554781e-17,-1.1102230246251565e-16,-0.027166125041408164,-0.031121806555047555,0.08616146473120387,0.04510221797119161,0.04823772676304742,-0.05667457988026388,-0.09360950953413333,0.10102349896190706,0.042339538778201284,0.12202946738985503,0.08065071084477334,-0.017297758127366912,0.03974363902010261,-0.08840260841372703,0.03192663467256523,-0.02020819806443969,0.02332562145009545,-0.02193967923610564,0.013560632758482422,-0.004982927208127493,0.019671530879502356,-0.018871195466238704,-0.024273001795707575
1.94439050931112e-18,-3.8567352311768395e-17,-3.9931836460868614e-17,2.793567763255843e-17,-4.954177057720498e-17,-5.0542034046109136e-17,-6.522560269672795e-16,0.04661407924126173,0.08661196096627254,0.10793787461991494,0.12594647952281535,0.07896923941228089,0.023600537815598538,-0.1039948521024378,0.016932601800882487,0.05413835992226004,-0.009590675575801868,0.06045736188554697,-0.040304209104256,0.12820694190070822,-0.01994783757711021,-0.04948805071686768,-0.009222972689278677,-0.06841744899854449,-0.12538934233513876,-0.041196161912833096,-0.04691215222658097,-0.018424125993939694,-0.039293938252787604,-0.03563438432938148
-8.540365882375022e-20,1.9744683246010338e-17,-1.542531908002045e-16,-1.1413543748786011e-17,4.4981137269022197e-17,-3.647684487678305e-17,-9.71445146547012e-17,0.02492654821597284,0.01798670096397923,-0.013096012608059829,0.023789056173955325,0.0029835318884131887,0.0013394984915582684,-0.0030981206161066273,0.0184404802817265,-0.03204538797586245,-0.0016249402944408361,-0.04744452895755393,0.007875263906291464,-0.0019834654898937725,-0.021746595583867673,-0.03548697855773649,0.03278007674806525,0.039076277315212175,0.00793830887434194,0.04682443635429399,0.008503551492586203,-0.02070829678553567,-0.020059565547502253,0.010698501491667997
-1.0926163310165477e-18,-3.1244943497254902e-18,-1.424465091030568e-17,-2.290815280680381e-17,-4.5602199033348745e-17,1.7298429978821187e-16,4.683753385137379e-17,-0.0820581288882315,0.12738049667184115,0.008994374178927672,-0.028380483643620495,-0.03462784468345454,-0.04963370996143141,0.09958064518875777,0.011713944239611912,0.08830816038535913,0.038172009562996004,0.00031776743695244997,0.053951019627276726,-0.022504440640493898,0.031727189940477005,-0.05786113716945857,0.00610480978740249,0.031936063071161765,0.028357461503239853,0.0048314815917774685,-0.011153724308990068,-0.013495429573771546,0.061905463475998075,0.06898358610559448
-5.984320015254889e-18,3.5782313916911623e-17,-2.3650618777593355e-17,2.6385405407868575e-17,-4.7267680473384115e-17,3.5992343913256863e-17,-3.608224830031759e-16,0.0015232558264744772,0.10176259530650478,-0.11028974394783622,-0.053786605378477625,0.025138995772436907,0.060625445540513655,-0.036598257687564556,0.04730562695870929,0.017081336571127766,0.013708867840953412,-0.09751966702297007,-0.004827288268210922,0.03244838584988393,-0.005777851328814459,-0.027126437052718333,0.07742000657256252,-0.0198170407639579,-0.018028751582383293,-0.04895109498255336,0.026988071564166466,0.0005839553465304518,0.04672360942407954,0.036995454636705845
-4.7554767734298145e-18,-6.221779326254438e-17,-7.126383955228028e-17,-1.2260482643568291e-17,1.1029865443547511e-16,7.857666847854525e-17,2.0816681711721685e-16,-0.05276257110246709,0.05332625501034384,-0.04819543064665728,0.0339755858999922,0.06171935518158657,0.035294302576175655,-0.01343167256768025,-0.015874182293476098,-0.04917142030051524,0.014769344476571968,0.01483312908600362,0.06686497664943607,-0.04410277922453933,0.0133995177325249,0.038747578043468185,8.423969299489837e-05,-0.0346276382663487,-0.006043320044685325,0.06963445538535237,0.03697990508310652,-0.022435473463258797,-0.009892496624250865,-0.08590819744960201
-2.7818613062366204e-18,8.588172008422409e-17,8.952882008102849e-17,2.627117991525189e-17,-4.932151343307065e-17,3.2856560418413065e-17,3.226585665316861e-16,-0.0766297266789765,0.11524984435585812,-0.09204084780494849,-0.00922795287245074,-0.0620641662117526,-0.11982041729144631,0.12832194618639675,0.0705361255550631,-0.06341506396168169,-0.06326999561196985,-0.06513816306059274,0.0029004589769554296,0.01801674751918336,-0.08090895678277744,0.025566666227340284,-0.08169182535837384,0.08282709365888886,-0.025411374420214457,0.03753994396410508,-0.05789259703131106,0.00033291382711228703,-0.04099769696625597,0.039959362653800456
-8.657932115267601e-18,-6.482681328223883e-17,-9.103315606288912e-17,2.0650738909294735e-17,6.14717801640975e-17,-5.298524331949163e-17,2.3592239273284576e-16,0.03252314753323452,-0.07128196226935297,-0.04226449685333542,0.07739727575524225,-0.05195149131899909,-0.04277169315010519,0.038773887079552524,-0.018349011271381267,-0.08326133613778325,0.06679276736294223,0.00636700185357798,0.02146091882165805,0.03759275506759588,-0.003875820905929832,-0.027939543821246905,0.0044802077255165235,-0.0420696144683055,0.0062942745921799595,0.029568887871198157,0.0007852560906701077,0.03812120688837493,-0.018825480574648085,0.03253585004697265
-4.2875529828659874e-18,4.74409447167948e-18,-3.89221583230953e-17,6.549148518298919e-17,5.1555455365475435e-17,-1.642361386282675e-16,-3.191891195797325e-16,0.11453062630705368,-0.0018201903745834406,-0.10499583265770425,-0.14093434518023917,-0.1192925122032518,0.08364204504995759,0.05154104642379352,-0.009598087987964691,0.11081016993678217,-0.020808018056299577,0.00829215995325975,0.035603174965485145,0.005409189928552527,0.059707978553174355,-0.01746784161197181,-0.05599736200599507,0.02398977678425495,-0.04841557359605421,-0.003048123718025506,0.0222482927778408,-0.008832761957156397,0.03810441765706726,0.09964895390485769
3.0192632754509216e-18,5.028716272666023e-18,1.28703377913435e-16,-2.1139291881936973e-17,5.662535119255573e-17,3.387589330349632e-17,-1.6306400674181987e-16,-0.013407330006748108,0.023650311095492316,0.05117809386322585,-0.013617366056173304,0.004298223059177873,-0.049033987222831706,-0.022534230574712724,0.003907047513140337,-0.00860369970649914,-0.006746791179790623,0.02445219013259888,-0.022410705892378795,-0.009455309943869844,0.00023180182862004163,0.018755824817051143,0.017776960764446167,-0.008051114624280226,0.009328973558898746,0.019898210139316884,0.07324514361959368,0.007869418794707086,4.983055858886709e-05,0.00782360649205858
3.825971423572435e-18,-4.496183060357175e-17,-4.6804585537051966e-17,-4.3181391256025913e-17,-3.313993297127344e-17,1.318017284091096e-16,5.273559366969494e-16,-0.10565139279768455,-0.05356087946966391,-0.059838134381607413,-0.11871648997328532,0.06221878958650473,0.05452150149042189,-0.05638300448485187,0.029204364103613108,-0.09279842573322906,0.05441769237723334,0.0015239069365143802,0.039521635612235595,-0.02507265812460025,-0.0787549284036761,-0.039076008237697385,-0.021403537142281607,0.00028041415574027017,0.024632112638132104,0.02343651391569052,-0.024253017802828167,-0.008553603589897311,-0.010043512371968872,-0.05044753219581973
-6.142158163086176e-18,-7.399980185723324e-17,-1.0220181161703809e-16,-1.7290600348262463e-17,-1.2720111880206881e-17,1.0533969470682505e-16,4.3021142204224816e-16,-0.08863552232172965,-0.0444270502274172,0.018334292954820756,0.05254179783286114,0.007663362963776099,-0.020454746968287474,-0.11287531620176779,0.0389645048518377,0.03037339169503162,0.03479482580748769,-0.12122925836126618,0.023822754474066263,-0.015580074262939596,0.13204261241970183,0.03060316302363007,0.006560935252804914,0.04928184055525458,0.021281700536506794,0.03234064276895299,-0.04362673291690946,-0.004900750370177083,0.07106916916186505,0.01975268933510905
-1.3648042386802317e-18,-9.39707858313808e-17,-5.4977842265183345e-17,-8.70780214072012e-18,-5.872176244122571e-17,1.1734960904687522e-16,5.48172618408671e-16,-0.05151049174444122,-0.0681929044809863,-0.11606910321723116,0.06147654059439476,-0.04605987939847922,-0.01604642005862739,-0.09003666204554261,0.03765448516108972,0.07100516139209453,0.021939102830417077,0.060929409261239596,0.020493734735131747,-0.02583133710948836,0.12022865483754241,-0.07808703973873929,-0.02151361043193762,-0.06064918161232951,0.06869256633180403,-0.04157433040665024,-0.02491354289433548,-0.06972221349710983,-0.12291038376529563,0.1240153792019976
3.4248036335334504e-19,-2.438347607852197e-18,-3.800976845289288e-17,-3.0616281694704536e-17,-6.130782285254564e-17,1.802064068637315e-16,3.7470027081099033e-16,-0.12588832352059434,0.028153532482073595,-0.045229353372795406,-0.07003047839498915,0.0643702836536392,-0.020556468462028646,-0.055696158510450004,0.04872362071156106,-0.05686874142871991,0.014546900394299431,-0.06977323721389166,-0.04981021924866604,-0.015156782080748053,-0.05933975264918066,-0.027200985813898043,0.08575082660747718,-0.046841519842060836,-0.041907652562097844,0.0006326215180575823,-0.0012110604994285325,0.0028879137696567565,0.010099019805297422,0.040625437027360115
-7.487858499908541e-18,2.610838387593813e-16,8.036906408527533e-17,-8.046195053168663e-19,5.129907019618455e-17,-6.570552697374577e-17,-2.914335439641036e-16,0.04982081980988915,-0.02826168291310602,0.06421486577671255,0.02110650529461113,0.021068654480193547,0.003261615928485763,-0.019328879982895775,-0.0045365645192404075,-0.024786092541777664,0.00812528806575533,0.018634088505536092,0.013787933887685996,0.020825471724252583,-0.0003616125160495989,0.016870777570976714,0.025582851594556335,0.007455857781886827,-0.023535164746844573,0.006523913162285243,-0.002049733769673852,0.014453265505884156,0.009108799824198975,-0.019717484306815792
-2.5582846825769334e-18,3.3748549977601215e-17,-2.343664502291715e-16,1.8164140687545144e-17,6.950643741501581e-17,-1.129297252701638e-16,-3.677613769070831e-16,0.06964647975641419,0.01269601538524198,0.04745195339548248,-0.0205055761406436,-0.037148128910202284,0.01882674148982617,0.00301074592312595,-0.022611170396419335,-0.010437112050428476,0.010050911361350605,0.0028117030160316366,0.004879539513010667,0.006176417183384584,0.029623124454781845,0.020522041431067773,-0.012294412900992934,-0.04465164638846102,0.029689866888323684,-0.027092331929219043,-0.024690136622631073,-0.019518827812000632,-0.04919728223914057,-0.016404537944629434
-2.7758316283665757e-18,-8.046057315537833e-17,-1.0817670568314428e-16,-3.9713632651962937e-17,-5.624540751223192e-17,8.152057560680145e-17,2.7755575615628914e-17,-0.02589591465463652,-0.049012014365901746,0.09346721904764167,0.09606511540479085,0.050818086348835445,-0.10337660729992677,-0.08641432840953846,0.12229327468023761,0.008720093238262132,0.13702115831977424,0.10177975576155193,-0.05123529893417738,0.02184935598383076,-0.058765801712806987,0.035477187174416766,-0.050752527552067765,0.032338394942935486,-0.030837734560777076,-0.01577369655783135,-0.0196350115896839,0.014535186430688114,-0.07785748178633493,-0.019148829786574104
-5.960162011792189e-19,-1.118452025972599e-16,-4.441304207336002e-17,-3.55031885033931e-17,6.322926407281856e-17,1.0386157884908772e-16,1.6653345369377348e-16,-0.10710586833293378,0.07795806267313343,-0.019481459565814985,0.08821457204287345,0.027143324795399177,0.10196361432563879,-0.04820488844483607,-0.01697799782305579,-0.05270322131479764,0.009313691093647901,0.002668471262653429,0.07701510725285782,-0.06794954716859769,-0.014836824860782992,0.07107507471993556,0.05268798792248524,-0.020372018729432173,0.010111511490713156,0.06573353930005509,0.02052908855651046,-0.013899507279260525,0.015443833999058111,-0.09166794301530579
4.591005383465449e-18,-1.439248649578842e-16,-1.5647005146729957e-16,-5.666076759273919e-17,3.0240914330660675e-17,1.612475585153495e-16,-3.608224830031759e-16,-0.0787881443742691,0.0596047474217921,0.11354150941394786,-0.0642478750906449,-0.037097647934364424,-0.026350573306188355,-0.04314057287827792,-0.0731995581861768,0.035620217182799035,0.03141699000129045,0.08965670721081516,-0.06353254616211455,0.04632058097530283,-0.06137460384493882,0.0692392720972374,-0.05139476540540518,0.018056684529176727,-0.030709607206312668,-0.01926133751518942,0.03324806468826207,-0.07274115311585812,-0.043034133973277676,-0.0011717106755037782
2.8407023199428945e-18,-7.27905006424713e-17,-5.607656069559247e-17,-8.165756995408022e-17,-4.0940935357817856e-17,2.319484752088392e-16,7.077671781985373e-16,-0.1818405928723401,-0.023274155336334534,-0.017981334532225755,-0.03589047651087255,0.07008013087216289,0.04988565438920999,-0.07305498882062965,-0.027491236310699073,-0.0784800155988598,0.01351895063476819,-0.007585899312665831,0.04793396818911939,-0.09888384689677349,-0.05300918026738733,-0.04314256432103229,-0.04880533273366869,-0.02200011826678852,0.02907227377086706,0.10566711007003578,0.017443303926017496,-0.009930305155872024,-0.038553797971375724,-0.02515778292152301
-3.1170107529803806e-18,-5.870400222972166e-17,5.024488126292804e-17,1.630085475950349e-17,4.318667118784866e-17,-1.392945955088613e-16,-8.864436962241484e-16,0.12151568648343945,0.14621173608260876,0.045325500428831725,0.015610512540544704,-0.06415415394911263,0.018244325527165543,0.11592211778265439,0.018067717500613766,-0.09016187415954678,0.09954022178860822,-0.012283802270567133,0.09561207643172148,0.04209113789059717,0.06223881033742055,0.010896654869147948,0.08011138930148487,0.013303128788473307,-0.04182804450688037,0.052938662291051465,0.07852863865403736,-0.012471168645017154,0.055306191019468105,0.04764986245495111
-8.697612891377384e-19,2.9284981482334964e-17,2.833774382224043e-17,-1.6007016550725944e-17,-8.262698227377523e-19,4.777145209600719e-17,4.440892098500626e-16,-0.057174673220074156,-0.019867842650281665,-0.01995215595033177,-0.03226396154968768,-0.08488891063824815,-0.02560992686625044,0.004096995257449744,-0.04261302286769227,0.03898689449345782,-0.07884380052425913,0.05576011154335589,0.03304339823580828,0.02055199970410462,-0.059401150418663104,-0.009680927765683241,0.008070563189366272,0.05751552078640357,-0.016349043011758303,-0.04582579716925211,-0.01774325930036711,-0.05418818650885222,-0.02639785038311691,-0.04724117692687627
-3.456413420167349e-18,-9.712665844617762e-17,-1.1965778458416337e-16,-1.2556409329348617e-17,-2.900787456009207e-17,3.637685175794273e-17,2.3592239273284576e-16,-0.006421739699384866,-0.06998226412247557,0.03397396726722085,0.08894157185453584,0.0014281603500720958,-0.08200380604928728,-0.045370560672172044,0.09783955216176816,0.06303309318129213,0.1003396468899777,0.12691685051353802,0.01071731008025706,0.020036462584016528,-0.038757753744495214,0.01136852557688218,-0.038739775641526544,0.02465202484611065,-0.058042189247819294,-0.0062739709111492795,-0.006662185278525614,0.017807939934882264,-0.029866923196340336,0.020510623102412133
3.974666649205011e-18,5.2342758530418046e-17,9.944764466602526e-17,-5.75065395983054e-17,-1.4722782069735864e-16,1.6728481200873418e-16,-2.3592239273284576e-16,-0.09138676567053207,0.2093267544983133,0.024043485305820195,0.012180275171764945,-0.13042126062686732,-0.0247293331548841,0.0796578992082047,-0.0035852624288250775,0.09856599603070239,-0.008795133276895134,-0.03063491207429007,0.004123389483637501,-0.03258346771320622,-0.05814524199724327,-0.031362034897819614,-0.02870490998648012,0.016797378885983674,0.08802678376014805,-0.013662828756439066,-0.015079968566907917,-0.06874306689193208,0.05076236238244269,-0.013061488557383448
-6.0309932837212826e-18,-7.884254390625349e-17,-1.66375595873573e-17,7.952339580679306e-17,1.3882082105879632e-18,-3.518000535021012e-16,-8.222589276130066e-16,0.23086542067091106,-0.015400525381550007,-0.022289077146031552,-0.08842354012255987,-0.08275330045297057,0.025854647962099433,0.00957960927377243,0.06278639793672754,0.006722280615454759,0.04018544505399608,-0.024322889944284137,0.009596377442420112,0.0006932956670791052,-0.03569506384673093,0.03317506963535879,-0.014364374268731212,0.0095746879914721,0.0357440988100206,-0.01969829113648203,-0.048551022097295976,-0.024095140773317262,0.014994381509693133,-0.023250734340017985
-5.9436861542977434e-18,-1.0428820764061955e-16,-1.1817781227486618e-16,-1.491138741863107e-17,1.189004148234887e-16,3.199675113909357e-17,3.191891195797325e-16,-0.01857527885202111,0.0023077791242783687,0.006607393506358201,0.02747563052024727,-0.0009130953193546814,-0.029510472471295048,0.04408091194235457,-0.049074750097605056,0.0633284522294936,-0.03813422748824598,-0.02972277331687984,0.028650587858511448,0.02848935041294232,0.004047149033087324,0.02606647485059411,-0.004071910818077053,-0.021070437115819535,0.039257238917734714,0.02762965519331482,0.08448174554062712,0.05237384803819337,-0.007266297496442763,0.015091340394614754
-7.234599784830711e-19,5.382895656717913e-17,-1.781491604248469e-16,-3.517241768529132e-17,6.044437750491983e-17,-3.042498423132343e-18,-2.0816681711721685e-17,0.014141782276019057,-0.013712234232411623,-0.02429497606602705,-0.00920199085757954,0.004971485177548678,-0.012278336990362583,-0.00943967326695314,0.04296779701083732,0.01601406763370938,-0.013957086381300303,-0.07426487865844347,0.016351776342318942,0.02888196909616041,0.05035300583365668,-0.11426576075055464,-0.013717418950709579,-0.03531041100889259,-0.00012902360090585172,-0.06708141322365345,0.019811580374846947,0.04357735771357274,-0.038462286525047684,-0.043994857170599914
3.49256194839439e-18,-4.1088953302604344e-17,-2.492107739025891e-17,1.2010600963934433e-17,-1.2174932731812424e-17,-5.43181371384621e-17,-5.800481622797449e-16,0.0410016541574089,0.09830411039691896,0.019617885998580154,0.007801786835983301,-0.036833311736995625,0.024735624483053255,-0.01577904508662295,0.06380301087840576,-0.03151449813352564,0.022062167427678043,0.024998266310325777,-0.02510357899697004,-0.021123390569688965,0.09840785692646804,0.022803764437289837,-0.011281438327285696,0.06619120138437182,0.018819107497073807,-0.0034636215344769905,-0.017701724702196654,0.012605596371826329,-0.01980153283390839,0.002380053793087713
1.5604560608889988e-18,-2.799185423892355e-17,-3.007526285990014e-17,-1.932525371772659e-18,1.5805616592175793e-17,-2.74262668444622e-17,-2.498001805406602e-16,0.012774058314570014,0.05863138437111469,0.049294015328327334,-0.023393234298932242,-0.010169839069933372,-0.031670006080125206,0.016845139922706587,0.03398892579024712,-0.04306823096697665,-0.006155133923575226,-0.05068839347327169,-0.04408056310470732,-0.02413902673936285,0.06883317238533158,0.024294423057881775,-0.027684499329941655,-0.015642028082222207,0.04132691343329372,0.00959123005795813,-0.008134542350796489,9.851362322763474e-05,-0.03470881975518904,-0.0035547760464675277
-1.0992208317778922e-19,-2.478106970209273e-17,-6.346141757271682e-17,2.628780348477177e-17,-5.217524510427736e-18,-1.0033298797170786e-17,-1.5265566588595902e-16,0.004168565372833029,0.04088103487410962,0.056004535001812794,0.02142717161574029,0.06709989294551068,0.021374433052724087,-0.006688233425479147,0.02370976739018731,0.04039885336324432,-0.02375186266854246,-0.011626352203310068,-0.04461801995353243,-0.015748301337914238,0.0470927734509961,0.11033751232358983,0.051360932034163934,-0.04304324807024352,0.018833893679185167,-0.0811215790170585,-0.04804111147007143,0.06335990354410766,0.04245440033818897,0.02054403699951537
-5.632440167938648e-19,3.9493279742050474e-17,7.116733284229888e-18,2.0798647935574732e-17,3.291818912404606e-18,-8.168379987283872e-17,6.245004513516506e-17,0.08120289593243869,-0.06194565310158469,-0.06441768868508514,0.030633636129739555,0.06351661952205996,0.04610285972035202,0.07234699844190166,-0.003673933773096466,0.006603950911972596,0.04403908448205544,0.013946408314209185,0.010293596713995077,-0.022847019790491398,-0.02326270705903246,-0.0002457801852385683,0.041458456944639184,-0.013283730819456536,-0.014152211821088645,-0.0037709498444320902,0.04074622071733851,-0.013045641502803063,-0.01575698039880697,-0.024999900268241313
3.458511489783972e-19,-6.101515775444477e-17,-2.28743959461355e-17,-4.775962645848805e-17,-1.0959563195919108e-16,1.0116661522834245e-16,4.0245584642661925e-16,-0.10722896722590172,-0.043028508883623466,-0.009777121323690782,-0.033088276143067884,0.08200369072521223,0.061746272265925904,-0.07577570222939187,0.005633522977650466,-0.04840487197937622,-0.10320570979678874,0.028205232008376435,0.013915111528797732,-0.0731381337254052,-0.02993041336191756,-0.023322165174737924,-0.0069897913516497245,-0.0055605111319139205,-0.03680304748833192,-0.07596017100031907,0.008884069419695476,0.017117536076462374,-0.055793260242184776,0.031226731235931542
-5.101137540661468e-18,9.181575718720832e-17,6.586947127429848e-17,3.564153679058242e-17,-1.6290124939924123e-17,7.528726736116881e-18,4.440892098500626e-16,-0.06819145580602402,0.12090951634283112,-0.1323558968403631,0.0030862547960184947,-0.02166520100369474,-0.16756189237943703,0.099032170758443,0.08284296899483223,-0.04576884561197872,-0.07576868297741182,-0.048375148014876176,-0.03521670487382326,0.015027844360289559,-0.08073742804527992,0.06725620129642694,-0.08230579970698212,0.048000971166756695,-0.04337225874063266,0.06461903424274039,0.0016235789470824744,-0.06123919339921998,-0.060117594756321384,0.05803107055736695
-2.2221753612933968e-20,1.5624806553711688e-17,-4.257874629129274e-17,-1.2809714466475735e-17,-3.618885056842165e-17,8.616574597428412e-17,4.996003610813204e-16,-0.08146828267215105,-0.002512169828261614,-0.07275057594053014,-0.07449825247424366,0.04544606507867707,0.005332617713375043,-0.012451325577073452,0.007672431300306594,-0.06391109847551178,0.029247000614697392,-0.02425319320100672,-0.008753851654003676,-0.01594196719439278,-0.0972353682043404,-0.03718594912253072,-0.016383498497364736,-0.011343964909236896,-0.010115939653036228,0.026342724519119953,-0.018414440036851543,-0.0232851053085632,0.005657685525957351,-0.0141670665790373
-2.1230546941488066e-18,-4.183103467994558e-17,-3.931220514896956e-17,2.7132897064556356e-17,4.2093497520385203e-17,-9.625251398228422e-17,-2.42861286636753e-17,0.029572977051176473,-0.016821214956022595,-0.04807025210435265,-0.03440525786367071,4.497351016522773e-07,-0.030711958830218673,-0.03497510575085023,-0.009807681020745274,-0.01955070896602426,-0.04636637802905924,-0.03105625726886019,0.049851495477511845,0.0047954312272128555,-0.006781058798842451,0.0025662654478531446,-0.08904782400127001,-0.009607706063397104,-0.046568643919470624,0.0004110672220475905,0.00859029788626117,0.011538590545762666,0.0770036520382991,0.0007897526181648915
-2.9660773255047805e-19,2.7027680348724626e-17,4.9096288050180206e-17,3.4695511443717204e-18,4.7809919200128824e-17,1.5522898426565223e-17,2.5673907444456745e-16,0.016641669011829698,-0.04331169595412625,0.02344216006472849,-0.02097547787420307,-0.11764798312754579,-0.0004612798435419148,0.07704867805999153,0.025374730571249875,0.11015073164691837,0.1052091167322178,0.010597202262017347,-0.05551051895829964,-0.11382466991362125,-0.018875388620584927,-0.03855296582394408,0.08595644345561508,-0.011929535149253009,-0.047597570104515916,-0.021985678494818486,0.02265301227602496,0.03518183273848492,-0.032769334543851204,-0.011619829706022579
-7.849841711335683e-18,1.769142945746586e-17,-8.333676806362679e-17,8.584398434069207e-17,5.830419001710722e-17,-2.6120923947917233e-16,-5.728924279413405e-16,0.15308736234519735,0.06711718302104819,-0.14515897179338366,-0.0681089313555095,-0.006151326658438591,0.053158762533453724,-0.01115988321942189,0.01499224634077113,0.01784290861618444,-0.0546855309201297,-0.09723842914950687,0.043175910132476306,-0.0532043103863131,-0.07396895342910244,0.04871681620862445,-0.024078139680772957,0.1423869988108106,-0.015379182873768098,-0.09994381084206812,0.028187053052085128,0.057149859880178115,-0.015020853404311493,0.09504766767607564
4.3076821385882604e-19,7.187787988897312e-17,1.0187440718873146e-17,1.1559258888106923e-17,-3.912320253034717e-17,-4.957547865689617e-17,2.7755575615628914e-16,0.06411588514849871,-0.08544058073181145,-0.07072964978960376,-0.001087576001180921,0.12174865143276954,-0.03135508896811728,0.10660313790926779,-0.021602079435739274,0.03734030851646117,-0.007757581895398809,-0.03696522086641518,-0.009832433306278556,0.020257107855291737,0.035395232549310846,0.027249744945972855,-0.01160682767317659,0.014996497011123232,-0.02979799182745663,-0.0026103134854284058,0.0429703373122791,-0.017436479201586415,0.0063957618569652295,-0.005198365282524986
-7.487858499908541e-18,2.610838387593813e-16,8.036906408527533e-17,-8.046195053168663e-19,5.129907019618455e-17,-6.570552697374577e-17,-2.914335439641036e-16,0.04982081980988915,-0.02826168291310602,0.06421486577671255,0.02110650529461113,0.021068654480193547,0.003261615928485763,-0.019328879982895775,-0.0045365645192404075,-0.024786092541777664,0.00812528806575533,0.018634088505536092,0.013787933887685996,0.020825471724252583,-0.0003616125160495989,0.016870777570976714,0.025582851594556335,0.007455857781886827,-0.023535164746844573,0.006523913162285243,-0.002049733769673852,0.014453265505884156,0.009108799824198975,-0.019717484306815792
-7.900365345250966e-19,-1.8575047631275048e-17,3.715735191497267e-17,1.8469755197050782e-17,-2.8385335646365144e-17,4.954877784858581e-18,3.469446951953614e-17,-0.017816614152032412,0.050858266339592714,-0.010978126828856726,-0.01805311694794368,-0.049871921544280697,0.03211938010456984,0.06159387259414341,-0.010306025891232239,-0.06731963565689017,0.01994864960759647,0.028038124022815834,0.07423308801782615,0.046068379439363934,-0.005527213639816802,-0.030835213603838292,0.03493919393719213,0.024337423413915395,-0.010896528131195883,0.016465712979321444,-0.02335745481798859,0.0001467548452640262,-4.999435351960153e-05,-0.007943504939365636
-4.40366955841283e-18,6.611599295177613e-17,-1.6266497409640586e-16,3.202943347916243e-18,6.054378916893769e-17,-9.972221493243531e-17,-1.97758476261356e-16,0.056362800828883675,0.014765741836818223,-0.014852265824930358,-0.014110340344148408,-0.011047520938214593,-0.015133579994143494,0.001258550549234284,-0.004561997570973755,0.02062630101607229,-0.0008760460058464472,0.01201017576966546,0.020783171591204495,-0.010041083212301254,0.042418478677921395,0.011181378139331146,-0.023724702904564302,-0.043575574943838284,0.013548649212952655,-0.010631192113707812,0.00040633839215458096,-0.02745257308011986,-0.06374675726590186,-0.001416144500066457
-2.2688112100875456e-18,4.518719260322116e-17,-1.4980852916548659e-16,-2.3000703857157467e-17,8.126729050511534e-17,-3.841354150989017e-17,-1.4354836763708079e-16,0.03828876662162315,0.012070557061139082,-0.014129051834886807,0.01690545734036498,-0.025888760658270917,0.015264298264035024,0.011681050295322412,-0.011116046432463875,-0.014530612797422545,-0.016206861074343767,0.03503271900860157,-0.017516581284510224,0.04590366575807187,0.03422168741863514,-0.032958362228667486,0.030799524034118272,0.05000095658390236,0.0021479244976500152,0.02464355783740186,0.02808920408163378,-0.03166549821980367,-0.017259981766958133,0.009067883939151188
-1.2156661405019684e-18,-3.6766091142040994e-17,-4.5238759003361e-17,6.127427799143837e-18,-3.241913899934148e-17,-2.4980005899309382e-17,-1.5265566588595902e-16,-0.004948112805208551,0.020508566247621655,-0.03381037268985639,0.029020096476464117,-0.0007328357634517566,0.014070875805715083,-0.06480358558080829,-0.010165714973572805,0.00944941866610631,-0.05222118570801792,0.037843018373317064,0.07346664535874542,-0.014427500535189495,-0.009020690027189065,0.009025335594569734,-0.05500797730430456,-0.030893025654212813,-0.01890367992927799,-0.027381132639860552,-0.007374299127457086,0.03258962146985309,0.056193176366393635,-0.01783692824328174
2.3572601526885315e-18,1.5006329412071552e-17,1.2618225748087685e-16,2.345581541256095e-17,5.066235433991193e-17,1.4048021135534483e-17,-1.098296800727816e-16,0.006994435377094848,0.010684468911031988,0.019042056854567196,-0.01388695267633014,0.015254748543944404,0.011201953646347141,-0.013328860257984665,-0.0005665147738380168,0.00576918819787018,0.04185055070744477,0.010079279190545475,0.00011608870934348725,0.02153702854344991,0.022375147606690328,-0.0063475978561907615,0.007970213547249022,-0.009821889856256896,-0.04693575808523061,0.018263687836356977,0.013154253308838442,-0.028882917814247476,0.0015947320946801187,-0.020597791079143887
6.666474831720861e-18,-1.2094837144988204e-16,-6.464940375372128e-17,-6.983797449146162e-17,-3.0450008989770974e-17,5.163045741611076e-17,3.3306690738754696e-16,-0.06871940897766853,-0.10543531752560362,0.05140879369154413,-0.06857570517483816,-0.04503980410718492,0.07412905812235683,-0.03685175907110629,0.0036781006598256578,-0.10449054964600063,0.00035270757410794376,0.01952509139683306,-0.04371940190511393,0.036250783906680024,-0.000990712572615264,0.03260168175858666,0.004312553626523724,-0.02457115156900511,0.02451580390036243,0.07069795397985257,0.042574348288637966,0.02116580466143828,0.034151181228812375,0.07617284899772642
-2.6518565386493258e-18,-4.403438446438095e-17,-9.828168266520268e-17,4.14941695947949e-17,9.217164710545608e-18,-1.9258042605136627e-16,-4.718447854656915e-16,0.1462291852373045,0.010284417731795911,-0.12709275945876744,-0.04251919313848608,0.013457577807004252,0.030796552104009382,-0.013711706430210196,-0.016646035825552626,0.06362372908968977,-0.04833948173998111,0.015553472520731876,-0.01357645387790418,0.007645436594565729,-0.0499738269768067,0.04394475308255664,0.0012418126190983669,0.06978805411385922,0.04139939278489037,-0.05644968355447144,0.054925962404515756,0.040343380495544125,-0.02837460680232799,0.0043548738489622455
1.9492694424912344e-19,4.1026026025111546e-18,1.0008881390307967e-16,2.6865490933119102e-17,4.8828071389932004e-17,-3.779951276137174e-17,-2.949029909160572e-17,0.01594130865384416,-0.025065959118145503,0.015349774810171083,0.0024191047108553785,-0.014941044411750152,0.02869108034803802,-0.001604007590636452,-0.014859518605046322,0.024247285246824957,0.004508414985747733,0.00021062665566140004,-0.03539669387474781,-0.0004939488449288122,0.01938322213530627,0.01729081488438067,-0.013955785757540709,-0.06807995398197851,0.0216625730890832,0.006186926394526832,-0.016637735889042247,0.022802728615746826,-0.0570675228320358,-0.013831120107333793
-4.090416115483456e-18,7.571462220192069e-17,6.74614009838739e-17,3.375855299908238e-17,-1.913930873947164e-17,-1.968202142448346e-18,4.128641872824801e-16,-0.06100899775920624,0.12530172470841558,-0.11836787795095305,0.002579169301364397,-0.03435673980660499,-0.16965510915217583,0.12770210346869987,0.07948097603229952,-0.022554447415196525,-0.09059758247208244,-0.06338657769639583,-0.0017228329552460145,0.025179094854490457,-0.07511412918831906,0.061373630319924946,-0.08486464241652861,0.06626825712254088,-0.04069615344581666,0.05246677237067252,-0.002242335998118393,-0.054622856972541246,-0.07019972830414745,0.06498654990003085
-2.8623287227306427e-18,-1.430759588021374e-17,-1.1258875512124527e-17,2.4811808068143603e-17,4.1017007225006e-17,-2.744917044402839e-17,1.0408340855860843e-16,-0.0024342481234568038,-0.009461373742840853,-0.06702312865094832,-0.0648006157666259,0.015945248341932772,0.07343554773189456,0.006729786772000827,0.01788713711281677,-0.011311585247752174,-0.01898684276619009,-0.028916989537428456,0.023598870843998716,0.009477217139860999,0.018937862054106518,0.006268174109982082,-0.08244579312200816,0.02952902581152575,0.00522809565071172,0.020685070652915083,-0.055239581627369756,-0.0038273303449114495,-0.05380675498077067,-0.048808415737092936
4.981548370734169e-18,5.875388959812577e-17,9.584726526665625e-17,-2.5207374999921285e-17,-2.317894858190679e-16,2.1632202694627564e-16,0.0,-0.12062464410162967,0.16511590144843163,0.010193616045397674,0.006913848178219219,0.015883951011550216,-0.04067137988119485,-0.0006585092900550903,-0.007957427026103954,0.09823873448612115,-0.03771492271480322,-0.05518560394666435,0.004037213808293638,0.06546542700754018,0.016953311419831724,0.004158558084938104,0.19156206426555822,0.028061842866520244,0.06475567501901418,0.06277825730893065,-0.020414135994051782,0.10352968817806857,-0.09262863659033399,0.10583955636939177
4.983309774275024e-19,2.2139018400810996e-17,2.6843316720868714e-17,-2.3305917419617322e-17,-1.970621556117207e-17,7.463262193169865e-17,2.463307335887066e-16,-0.0729731070861927,0.02238364603921088,0.0005600719895987482,-0.008482222486310528,-0.041727802239243945,-0.008917045211633019,-0.01385342444960131,-0.03138422827077141,0.019636742299619602,-0.07367576124341738,0.029366276026033544,0.0399171929039431,0.03488269280676599,-0.044186598474042126,-0.014605038660584335,0.005065011728916409,0.03554981135647605,-0.005666816098994728,-0.03730989869439491,-0.020899206473927328,-0.06104273278065172,-0.02713941414908365,-0.04908105036021746
5.685491128091968e-19,-1.0887475879137499e-16,-8.395850813759779e-17,1.1070095180665931e-17,2.2578360882167386e-17,5.377744814721479e-17,7.216449660063518e-16,-0.043489256569330385,-0.0773996357280777,0.04433850442034019,-0.054903110647853096,0.027592218739743428,-0.08673689460395402,0.03783965000589991,0.0014600404426671658,0.04524755952417649,0.0034142015204101112,0.027934985025752923,-0.08673924967294253,0.08944565131937852,0.06881432957603642,0.021702749435564456,-0.010742861327978227,0.07441983318546762,-0.0026050141109906794,-0.04021345300178465,-0.08271426939409135,-0.03600117345270096,0.04684442908816162,-0.08704537542001693
1.626171716119319e-18,1.989706867657076e-17,9.662071901113447e-17,1.1368274317857044e-17,8.777587602374678e-17,-1.1816138606735044e-17,-1.0408340855860843e-17,0.025435994817192272,-0.04828526006404762,-0.0030248266656155063,-0.013898514643202263,0.0440061722328424,0.07162317594772417,-0.006254191005939947,-0.034498803417672134,-0.030572163731828927,0.06564800395775208,0.0006931195003280638,-0.030365257684046718,0.006025263268093738,0.05264391238138608,0.003034794766532004,0.01029623094538124,-0.07196738543971837,0.04363663147711682,-0.009492971190936322,0.0032883084941249014,0.02457590678770286,0.00559464096733491,-0.013826377480725915
-2.6726311525852663e-18,2.941879254806086e-17,-5.938975698275636e-18,3.161348310521836e-17,-1.4613357293963875e-18,-8.53560907536664e-17,1.465841337200402e-16,0.06556871057338506,-0.07827612377122198,-0.09523047470902539,-0.040760733412049055,0.06125807254939438,0.04941762231810287,0.03342650050794297,-0.0008516429425917895,-0.01172492384463294,0.008673447873648687,-0.003974103801591255,0.016323867716997432,0.0687684599943984,0.011654278171348368,0.0369928503995908,0.014727539964176146,0.043454174599132186,0.0035309667672716477,-0.0032755847945201014,-0.01545166861910403,-0.043032114728204604,0.004338414744725886,-0.04428444976855239
3.661540975628355e-18,4.6836838367134115e-17,2.0387498025877836e-16,-2.0001542369181277e-18,-1.1610696332304767e-17,-3.019426647914405e-17,5.898059818321144e-17,0.001761303322461541,0.03504216323384347,-0.04731329311094985,0.03245869392227069,-0.0027846171696342924,-0.04529319961581547,0.05331349176268289,0.07990711298353917,-0.02057202664983447,-0.025846392292078444,-0.03741981788509716,0.061817311088646895,-0.03718657052581748,-0.022347297198099577,0.000815818108937416,-0.015964320793989087,0.010575028387560668,0.0006079231949154788,0.040006781017309014,0.022436819192069864,-0.015267527755869115,-0.02743011110679543,-0.028693907053360116
3.810476385926582e-18,8.828259700948913e-18,2.4040460742436218e-17,-4.3038999831525276e-17,-1.0139295925556301e-16,2.1520913445096315e-16,2.498001805406602e-16,-0.1363335409051216,0.07011468476569825,0.007897834176807957,0.04741245511597159,0.018308149802889095,0.02212706904007126,0.0069866257207996255,0.02180391403773361,0.01517742751891657,0.008864497285418028,-0.031077732034027174,-0.027797078549174476,0.054703930660938135,-0.029164639547557197,-0.019555979187729184,-0.0012592358341996914,-0.04891485987107572,0.0296670427499195,-0.002515441047438194,-0.03623397956143473,-0.014320062400333183,0.02831950953605021,-0.021281523622532085
2.5997905046944267e-18,1.008839266673209e-17,4.782332816684555e-19,3.3973128237647277e-19,7.263134842205371e-17,-8.150449873048296e-17,-6.938893903907228e-17,0.0768860540644007,-0.04178423732434426,0.07670466519959215,-0.04238426776591596,-0.019159245133062674,-0.032050241466929315,0.02795732588027957,-0.02773618294878599,0.01575492952222287,0.12966324649180525,-0.0034459546724030397,0.012400265213479684,-0.04730640651392128,-0.07061237879258042,-0.04706769275481171,0.04048225036355242,-0.06313271780112727,-0.003411648116255207,0.012860889919885621,0.027292659813854318,0.0054755987921649785,-0.04508133535480368,0.016603170943465362
4.682016054901071e-18,6.284316775446668e-18,1.3854557848509726e-16,-1.9567549649809347e-18,5.125802011996865e-17,-3.920204076831434e-18,-5.551115123125783e-17,0.015780268963945916,-0.04576374696658391,0.02129722405711736,-0.020328233164815433,-0.023305491694670968,0.04315058806911794,-0.014495069868623674,-0.011492924826201827,0.006410314435456401,0.03879657686375533,0.003727854604684603,-0.0216805938660111,-0.009322748033013004,0.01703817932911165,0.025495957551253338,0.021227586472325338,0.015597011276102808,0.01417822736214866,-7.699805186058587e-06,-0.01732806295657588,0.0006457138981404744,0.03429414391472122,0.0381519819548847
-3.0945674167166634e-18,-1.3742422375114297e-17,-5.0967437959314766e-17,5.4225209446073146e-17,4.928586320635062e-17,-2.051583461811787e-16,-3.7643499428696714e-16,0.13574352739700132,-0.0049420622123226565,-0.10718684753051871,-0.01918250941323193,0.02303475896769544,0.06585237493150738,-0.032469349688860075,0.018480428162359487,0.018714743567545468,-0.03723563595687331,-0.021587608509558168,0.06479171678987149,0.0142615183328861,-0.013696995857464521,0.025310283315812317,-0.013170402515211973,0.05157374901085048,-0.006658345202074952,-0.046123630008529,0.05005191377058592,0.020775345402240738,-0.0032103544495751496,-0.010920082008907837
-3.1762953814276047e-18,-9.058467865102249e-17,-8.476787575368757e-18,3.3843657746520746e-17,-7.569000821458662e-17,-3.044477844924844e-16,-1.0408340855860843e-15,0.19488016654273813,0.025481791511054838,0.14060986374888554,-0.02098811207268438,-0.007942124281606925,-0.09048099233770679,-0.040521221450432666,-0.03265589314534713,-0.011114446587475183,0.0008762671650429359,-0.06254629351171408,0.05614606499183364,-0.023547077228979287,0.04080193859010198,0.019997549839374008,0.007742775594706691,-0.056172463175982505,0.06627515480848985,0.010136310825283264,-0.011888685248536547,-0.044352525828459125,-0.007545613809612525,-0.06141427818149748
-3.730515451960764e-18,7.587463429760269e-17,-3.3873900681953894e-18,1.2646952627938827e-17,-1.0469429326489262e-16,-6.994902549638243e-17,5.273559366969494e-16,0.052298577928204776,-0.16497430495000304,-0.13592756799662548,0.03558002834569837,0.007806700002496842,-0.08365380478666187,0.02981049275047598,0.002143195747697027,0.03251526980676605,-0.01791561127113623,0.037146714146192084,0.02139365113537603,-0.015318253431814005,-0.009158849178304755,-0.005305561517766822,-0.002416358141562191,0.01865220135277141,0.06772696488754677,0.00941117480272208,-0.021664663814416275,0.04310890572240733,-0.005303014158016026,-0.0025038267312509025
3.2111216139284306e-18,-6.76321676258866e-17,-7.89302164443531e-18,1.0882619418417543e-18,1.3783136087493583e-17,-2.3907089254210466e-17,4.85722573273506e-17,0.020028521066586216,0.01010693940161764,-0.021483675531564817,-0.029512776052797358,-0.009491824295798298,-0.014538700205181549,0.02026033997380195,0.07777306316803345,0.04330623937144758,-0.015247250632777983,-0.07384263161775785,-0.09710218956142905,0.0277194107097754,-0.008082861424278328,0.04969781423422264,0.04164197047170756,0.03657040367997006,0.0009755308679579084,-0.02292380749755673,0.0747058540765919,-0.006853675570987965,-0.009543665140551237,-0.014131733790896214
-2.5056110688756945e-18,-4.853374443577804e-17,-8.106260546324966e-17,-3.07246047646463e-17,-2.317524531528609e-17,6.049318799797273e-17,8.326672684688674e-17,-0.020243075610913836,-0.034521293433203044,0.041409545518016594,0.07439525712987331,-0.017521965339543737,-0.07747196563577109,-0.06877754063569341,0.08254853859477396,0.039778168641833214,0.13472245141871503,0.03292399758522386,-0.040511814155256176,0.007445840460615614,-0.043092535829042586,0.03129857025375797,-0.0809815168311523,0.024776340877451706,-0.00738757112969402,-0.0056002347115629006,-0.001334474750620048,0.014657460680356322,0.020023218190394612,-0.012072367669543236
3.602557249724999e-18,-1.0839701036706698e-16,-1.3203269206083887e-16,3.328322051839869e-17,2.87226505245825e-17,4.838003636805013e-17,-5.828670879282072e-16,-0.017106133476237014,0.08717918454287873,0.057186038938429426,-0.008242065541587122,0.0647159324967848,0.12995776907115128,0.024608467831497415,-0.03916253161308445,-0.037808110412285933,-0.009638205933204856,0.03402054931060231,0.040972116773110204,0.03734574151125768,0.07519290372053371,-0.06855201900737347,-0.17657922703963844,0.004172205556782964,-0.011253473040705739,-0.045247788752744655,-0.09050845509547648,-0.05323489593155446,-0.03736616980944196,-0.00881140125514926
-7.487858499908541e-18,2.610838387593813e-16,8.036906408527533e-17,-8.046195053168663e-19,5.129907019618455e-17,-6.570552697374577e-17,-2.914335439641036e-16,0.04982081980988915,-0.02826168291310602,0.06421486577671255,0.02110650529461113,0.021068654480193547,0.003261615928485763,-0.019328879982895775,-0.0045365645192404075,-0.024786092541777664,0.00812528806575533,0.018634088505536092,0.013787933887685996,0.020825471724252583,-0.0003616125160495989,0.016870777570976714,0.025582851594556335,0.007455857781886827,-0.023535164746844573,0.006523913162285243,-0.002049733769673852,0.014453265505884156,0.009108799824198975,-0.019717484306815792
5.6084097589646904e-18,-8.428785107011461e-17,-1.0379626939343132e-16,4.9245171324218035e-18,-6.17934430053333e-17,-1.549565720575721e-16,-7.632783294297951e-17,0.08046897471711038,-0.11061463080426531,0.0272762381758603,-0.06925666750269978,-0.013221455555974935,-0.06607927520799983,-0.06820178763338623,0.001124183482905261,-0.026193460904297833,-0.02980087312695878,0.051646787366332686,0.01617926218830722,-0.03949330375101459,-0.03724552804622856,-0.004499597533906514,-0.004929645960084949,-0.021338838337101963,-0.04385204595858864,0.014471815610154658,-0.016802535718872656,0.022440867208411035,-0.0011633324959834078,0.00035987908209470274
-8.985706384515006e-18,2.296287282541379e-16,1.0348439327372189e-16,1.4182342364311722e-17,3.814335647444438e-17,-3.673881351732843e-17,-1.0755285551056204e-16,0.01219079172009685,0.0001468540702755706,0.0161062868977742,0.00012469108583114608,-0.027046013477772402,-0.01288693653856892,-0.047487280314831154,-0.017960913761545336,-0.01382641150792427,-0.03355925408513713,0.014842768829377262,0.001367457053020432,-0.029245586287455463,0.004485931341951515,-0.004223604615278199,0.015777418551574662,0.0008667377183270261,-0.002625825662871096,0.013425209952651436,0.006355240954478314,0.01216138774869748,0.02094199108354066,0.013105742141657419
-1.4129741582743558e-18,6.151060548232595e-17,3.729862051609558e-17,-1.5762034272378933e-17,1.2180453620085739e-17,1.9529162369943544e-17,5.134781488891349e-16,-0.05090177227097259,-0.036644169293375155,-0.028096712620262632,-0.04170670643944988,-0.1020264066404163,-0.03223798196557715,0.011224362985330015,-0.04707151241120296,0.04667004556866748,-0.08089581463972428,0.06624001874564933,0.030314098004821086,0.014861867371284941,-0.06544222639001483,-0.007725769357021499,0.009263935186012045,0.06623720416995323,-0.020590514867852325,-0.04920711417692799,-0.016490157839004017,-0.051466524916054815,-0.026103402568342347,-0.04651063406859731
-5.906742506158466e-18,-3.3701445038930695e-17,-1.8465329469002928e-17,-2.7006938597988158e-17,-4.9007681476747694e-17,1.5672792502853987e-16,4.440892098500626e-16,-0.12158125453202225,-0.040083331318207675,-0.004081801590181923,0.011664222045691024,-0.052625455693204475,-0.06620879637349442,-0.026162669953403956,-0.0037531343510112834,-0.06669750520640287,0.009684000205937213,-0.09900167903933521,0.016813084859697087,0.022748041095401034,0.02259292743666332,-0.01852809886070235,0.017843443376162997,-0.016257703645411275,-0.043307491860772866,-0.04908071577664197,-0.014918112382093056,-0.014537381479586647,0.009167455585243695,-0.03095946441509328
-2.347456907921317e-18,-6.057443162735907e-17,7.420302825440985e-17,-3.132848471197745e-17,-1.6067182463590948e-17,2.5063281444722384e-17,-6.938893903907228e-17,-0.02758773207658825,0.03337812089561976,0.11543810807891391,0.042022765416669924,-0.007620290858502919,-0.00925086660420702,0.01941006244051833,0.08300748625286287,-0.00027944078765211616,-0.0474361280487672,-0.013175347822971289,0.13942198409933432,-0.06376759364102366,0.02693997720231561,-0.05116604904280228,-0.042092514038819265,-0.0058170661307132355,0.04643455035100551,-0.10776230141273752,0.0453348222288431,0.03382384822235169,-0.059149773494491034,-0.039078227682550516
4.454379949663869e-18,-8.48284148025882e-17,-1.6067083236191019e-18,-4.481296388751736e-18,3.40787257746399e-17,-6.381755200400927e-17,2.0122792321330962e-16,0.012950734119387347,-0.07320043502445761,0.004363073700682473,0.03685992999011063,-0.014844981982234322,0.033256730093977185,-0.03517883280425475,0.01865339310049078,-0.018686078273456964,-0.043353097764169096,-0.004886475622192841,0.07631791496746151,-0.02706852631052212,0.0022949528402479266,-0.012810517724680406,-0.0058810759845936205,0.019879745727723438,-0.045151046894404766,-0.03251884517565803,0.04715749590316329,0.0185988549039826,0.005512338246168884,0.0572163128703429
2.180384127731081e-18,1.2709643536641033e-17,1.2655215383238233e-16,1.1946706850122874e-17,5.911234836453136e-17,-2.806984563166157e-18,-1.3877787807814457e-17,0.0314221462740418,-0.03445037242617011,-0.005138834428014763,-0.007372326851371292,0.05319152755985961,0.04068448763480651,0.008051677510858016,-0.015112462119466385,-0.029815699179295708,0.06630015295079782,0.02381423112624184,-0.0046352282818832415,0.018380126538203,0.008361984200633782,-0.01972221915334607,0.016061802819120775,-0.05669188570355556,0.03609160325085482,0.009683792463376077,0.00467384445293435,0.022842509625191233,-0.020749746666482622,0.012783359348909869
1.758824157643266e-17,2.858856926261239e-16,9.283008769073603e-17,1.217308475677691e-17,5.82763320214241e-17,-4.810169304616452e-17,-1.1102230246251565e-16,0.005935370208594504,0.01027186712848033,-0.00273697235344533,-0.03233826645645739,-0.04653365122084954,-0.023444026662242937,-0.07503626723211758,-0.02128216938221641,-0.01819954256250603,-0.0498143432365208,0.023507941570536997,-0.015751480484648344,-0.02657323534554859,0.012539242963725532,-0.009703903098408356,-0.016017763123529413,0.007590609543522932,0.03690329896595813,-0.0010875321675130453,-0.005511633206301198,-0.018720449374920886,-0.0012793599706966332,0.02687111145858699
3.738543698234325e-18,-9.179338448498175e-17,-9.889215230146326e-17,-5.791700423984645e-17,-7.005611468825332e-17,1.6263713251710397e-16,2.220446049250313e-16,-0.061667908395119084,-0.07167836150141109,-0.031488250256424315,0.04826272957441476,-0.025523872522982827,-0.03686121689437242,-0.17675210283294682,-0.08401932446208502,0.037228908174735,0.08367310526086874,0.02157147139710731,-0.01807152349520506,0.012330044025781542,0.06393542631244344,-0.037853109431782106,-0.016059184449248413,-0.022657386051625542,0.11276962372299348,0.05876256806314514,0.03226633245208482,-0.08507500580103611,-0.08587954482937088,0.0639570057953989
-8.167050827763168e-18,-1.180426727725364e-16,-4.518302621889737e-17,2.095524679338875e-17,8.056842166582006e-17,-1.198859005664558e-16,-5.950101522600448e-16,0.12147357295889952,0.039752634115096386,0.01954688982996888,-0.01778078545139134,-0.029361507051937984,-0.02907561407139949,0.0500918711019859,-0.09437859499352758,-0.14951033757740603,0.08249904457991852,0.037306748274069636,-0.0860075909535987,-0.038493681432614606,0.14884667774546145,-0.043969332758183564,-0.015052161972986892,0.09341847025553363,-0.054136824070370855,0.028005001562687808,0.08677399282607816,-0.0503496665192971,0.015737901705239102,0.02216807414632465
-4.162291205350913e-18,1.5122703464360107e-17,-1.3718662773799035e-17,2.5663684851847614e-17,5.285624610996782e-17,-3.962094662804145e-17,1.3877787807814457e-16,0.0037520075121941525,0.01369587400635652,-0.05476150253316752,-0.051272231875642914,-0.022589753653203017,-0.020812666077922218,0.022956806140985116,-0.04260138560485539,0.007006096613267134,-0.04529150790199081,0.005691591827723544,0.020664663975383992,0.03294210728563551,-0.045232388366342614,0.002547807257623801,-0.014244483404820828,0.012157863392807201,-0.013008486164464898,-0.0067585412079817254,-0.008490523787524545,-0.023908247118065506,-0.030297114560033367,-0.02705396125419386
-1.1044741480286739e-17,-7.003141335126682e-17,-4.7308702912553686e-17,5.743248656953462e-17,1.417638053497887e-17,-3.2996307542367237e-16,-5.84601811404184e-16,0.20291782167584732,-0.031606974986453394,-0.01354002007394696,-0.0816611181306995,-0.07775607553408201,-0.010414026801682153,0.00804723666006404,0.07751442029577806,0.09564370957287352,-0.030697671686559163,-0.0012515808312476599,-0.03245098876357857,-0.02327751703190136,0.0037887815366892245,0.00011818680600134479,0.010897550111852736,-0.045960841105871716,-0.04614125823380697,0.027243263188472745,0.03822394458530843,-0.0022086160994910617,-0.008081702296752667,-0.02503634339496105
1.7705213418287068e-18,-8.043208414539946e-17,-5.0360509031588117e-17,-1.0686931142547828e-17,-7.141669012438101e-17,6.448364238260107e-17,3.434752482434078e-16,-0.025849531149480902,0.002712249131645116,-0.046449197984894317,0.059960139837173985,0.010222894276991138,-0.12638171359695097,0.046975845580052314,-0.0419581114578013,0.018666200041094476,-0.06341761837413595,0.13476855704904836,0.0245931148929703,0.009748511946090575,-0.005690108055493836,-0.026973684411834942,0.050044138660225564,0.037178185642915376,0.08188252139447777,-0.02623620889652433,0.000630596110575726,0.05093949777826117,-0.024365904078751405,0.011808519914085804
-3.03767628138443e-18,6.825800976872797e-18,-4.0040167696058547e-17,4.522965053420218e-17,8.85414528231193e-18,-6.953625611954056e-17,-2.463307335887066e-16,0.046346003611223804,0.1097702196422882,-0.03921134539217113,0.08767214075898391,0.08144249538542032,-0.08532813169911943,0.041116281856424096,0.004744401359282783,-0.023376980214949078,-0.043192638642258314,-0.03132844098555283,-0.07632681982826552,-0.0846903070354397,0.02674436898777462,-0.028945606145314093,-0.051087722979485,0.008582337342822299,-0.05547210953325618,0.05494628009667665,-0.014229771735795382,0.00833639325367639,0.0422961180521361,-0.010746027248899667
-6.087525723604558e-18,8.12607410100168e-19,-1.3909212049229966e-16,8.836567874862762e-18,4.771995887699254e-17,6.710562057349364e-18,9.020562075079397e-17,0.0007299393296653159,0.020455932209097867,-0.023884711197169818,0.039390537163434505,0.04772893506075511,0.0020869960872039795,0.028299403052028205,0.050898127159262,-0.017499880122628653,-0.009128736683165066,0.04096299937120647,-0.04513334637062986,0.0060107162374023,0.020686526146238282,-0.059821558133538094,0.0025967640208992334,-0.05708348309182254,-0.005523478871648294,-0.018208874489570075,0.023039842591453853,0.009181906209912095,-0.011132799454221635,0.010784827380963431
-5.250837078352754e-18,-2.376525150901704e-16,-1.6732366297277315e-16,5.99588651821456e-17,9.391790502075954e-17,-1.657069014252728e-16,-2.8254308614972246e-16,0.13091519475339897,-0.10231979069429294,0.1575333620285711,0.30295362677855037,-0.0767188724967759,0.20990693184733236,0.10906884824447044,0.11239642944107071,0.09591250403992745,-0.13590705162024405,-0.0013845359494587578,0.13743295522226506,-0.007661465107139748,0.002634975375167701,-0.10454486191899288,0.2604865643867597,0.12705490312254153,-0.12968803491761557,0.107992253938631,-0.09547604959809736,-0.10112847627556598,-0.01810407644733889,0.20455391198930248
-4.310028389371717e-18,-1.0079304841555626e-16,-1.8742241199678872e-17,3.142728252043703e-17,-7.721556858124504e-17,-1.6452698696401774e-16,-2.912167035296065e-16,0.11303773558833136,-0.03168774996302104,0.06708747658832184,0.10412390788048029,-0.03140275035227666,-0.010744044189461639,0.08748080516284407,0.0032491822820552205,-0.033610269340440375,0.013924187862972871,0.0446887291142736,0.016583999933486637,-0.0686748142978286,-0.04235055299732676,0.05053646823880721,0.01688753284770592,0.03215141928294094,0.06637181031644368,-0.016075283324377257,-0.027931401134145016,-0.03180311013690031,0.011391289649177086,0.039896763649931756
-1.525647552762659e-18,4.3558483656074364e-17,3.6834149060004516e-17,-2.6277798309184968e-17,3.6366224369152835e-17,1.3433258903902348e-16,5.620504062164855e-16,-0.06860262258260988,-0.040159290132267274,0.05155275832720352,0.013888960506154699,-0.13327544423300608,0.00029736474806128197,0.07923122029177385,0.05755317252538772,0.11272248286019226,0.09509966206810178,-0.02562203771151492,-0.06081707354458875,-0.0608993932536879,0.03816241109486702,-0.04225638424092994,0.06405535076816236,-0.017364931637976793,-0.04175613787629395,-0.0036665829037983424,-0.0012676958228220315,0.05561939661133469,-0.029781810713483976,-0.022812088007954787
-2.4632169393345795e-18,3.097209479545019e-18,-7.542302465666917e-18,-8.4532293866633e-18,-3.909176359884997e-17,2.0493393531089688e-17,3.712308238590367e-16,-0.02987261742391708,-0.07682057133591413,-0.012077585274545081,0.029485686403485593,-0.005255824654220753,0.03201651997004022,0.028484544387802284,0.014897425078851742,-0.02884126808935011,-0.007130716766192053,0.028475369683769926,-0.001914471087030937,0.02105741744842615,-0.012197094687363207,0.02281705675740079,0.008649758645762569,0.005338426303698636,-0.02219734539943809,-0.026587761019365313,0.008270809585403754,-0.008249849083722756,-0.013771067763523525,0.001845430694745434
-1.5819377821178812e-18,6.003144791965417e-17,-1.630851536747793e-16,3.3617448631009603e-17,2.901762329182141e-18,-2.32739023345685e-17,2.168404344971009e-18,0.011221322264702642,-0.03237205247399747,-0.01892599326007036,-0.03275672728795245,-0.04484585283001503,0.03694979882507998,-0.01719167077335861,-0.055337347311802274,0.0007302362082651688,-0.024532771081516132,-0.02636551619781382,-0.00862521643099273,-0.011661197725121262,0.04842344170337289,-0.011546957301878718,0.008647260432063729,-0.003330925827627137,0.0016531421809827286,-0.07879169945315834,-0.06912610365414255,0.042474685730128074,-0.008734551193904564,0.08881241400475709
-5.160598120661837e-19,-1.8059150994041356e-17,-3.739206091850186e-18,-3.0641982161775034e-17,-9.259458961606332e-17,1.4489791395894394e-16,2.671474153004283e-16,-0.09742923808676975,-0.0038392702499624723,-0.008339959147733245,-0.015516055124946663,0.10264520695572013,0.05455788625915374,-0.031931648306883345,-0.012799391618700093,-0.024101513337439234,-0.06453472446466155,0.022612892699818487,-0.010821882369674251,-0.02013192517890387,0.029721565956210737,0.00043982245774884765,-0.012521434516299005,-0.028331028792399366,-0.015805698918084594,-0.03965992246829633,0.003674237512286676,-0.029224308370136894,-0.01927700762320232,0.02202213814329861
1.7934374596548156e-17,2.396883405779588e-16,8.7820637509321e-17,2.495729159424228e-17,4.1865325036362877e-17,-3.920102912460444e-17,-1.1102230246251565e-16,0.0077677656655291685,0.007305959397331826,0.0027827714069253353,-0.022828923165482254,-0.040825152840328435,-0.020351550348041387,-0.06696635954919514,-0.020309274361298615,-0.016918522288977576,-0.045052753681013774,0.020969656136710042,-0.0107368413731388,-0.027356047356940083,0.010180190163908297,-0.00809855602334318,-0.0067040174812397655,0.00562098256309181,0.025324062725793205,0.003163671903785472,-0.0020354774389579845,-0.009674255684514846,0.005229924121978559,0.022838833356507694
1.7042450519036411e-18,-8.012849772335484e-17,-1.4770729064936713e-17,-1.3213368867451892e-17,-6.991541781817294e-17,3.574407972152703e-17,-7.28583859910259e-17,-0.005225840036328147,0.028447023129961186,0.05594261189657199,-0.0020770634758226895,0.03593521886633286,-0.07835887989755524,0.015540942083397777,-0.022245822537179577,0.006005971660389504,0.045094798269182286,0.05608288852665315,0.012122733001420456,-0.12335331492019441,0.04691754683718379,-0.011508689356162618,-0.015550886214913866,0.060062845543792286,0.06683126938316723,-0.09535686497040051,0.04903837922691377,0.011735632867677218,-0.011816979939140016,-0.12109809592282483
-3.675625166609972e-18,-2.8011821097430095e-17,-2.7371700359327684e-17,1.7046158114507182e-17,5.596479296269917e-17,-1.2815337853203576e-17,1.1102230246251565e-16,-0.01137995385089543,-0.0068693571387900354,-0.0444200947792235,-0.0530696864753426,0.020548481507219035,0.06632413674137372,0.008041318096461048,0.028721479280625038,0.022076108216033126,-0.041829013069193594,-0.021357806898395552,0.05125534772907085,0.012086274579366344,0.04133066561367594,-0.005864340185934042,-0.05116091472689414,0.031220052870070954,0.004797857396121854,0.0173437192587042,-0.04831636805989215,-0.0008380877779173764,-0.04323260936815655,-0.03645694875871253
-8.265298211069257e-18,2.318485097262289e-16,9.398858362440878e-17,1.4895293784534624e-18,3.03946829381723e-17,-4.570039122661177e-17,-1.6306400674181987e-16,0.025259093729839616,-0.015712494308695795,0.03959380719877131,0.01813868926409545,-0.004891969363878178,-0.006344265082670614,-0.0316799526185745,-0.012949740464515306,-0.016068872118209412,-0.02074398039056609,0.019113275778562453,0.009739597359674003,-0.013097676881990802,-0.003001224477743098,0.004063324808380018,0.02939112625437876,0.0004006325835996531,-0.017249356154220054,0.01604530827425992,0.008022459467944608,0.01943006046921972,0.02530462995885387,-0.00030972166243991195
-1.9870970297899985e-18,-1.5442725708655933e-16,6.005872494881089e-16,-1.468141303106825e-17,6.315407846057664e-17,4.923594557626758e-17,-6.938893903907228e-17,-0.01807239807689006,0.007400466093836153,-0.015778586339926282,-0.013650215241139498,0.037440928324292105,-0.02599978993358827,-0.020380607171811657,-0.008851094473227256,0.013334108819775856,0.006751078944025249,0.006587467889267894,0.00035474255334095976,0.019492374659367602,-0.0017458552219916518,0.009056319900425498,0.004110034746199277,-0.0052097457889074125,0.0005967235542691203,0.0040779397976495055,-0.022901546217712808,0.004838172933123645,-0.00334564198218746,0.005926811064787137
-4.098770375709913e-18,-5.308740166653009e-17,-3.1648003592518214e-17,1.911845409576143e-17,-2.2670954829452057e-17,-1.619490822199222e-16,-6.938893903907228e-18,0.059727526986630225,-0.09274949663435329,-0.007985689961286168,0.04299353883540931,-0.023522987636757864,-0.020812375124726553,-0.09566645428518422,0.008245306071259761,0.019854861441042305,-0.05825474462838266,0.019918217192513913,0.017261386380753436,-0.020003475633630658,-0.010249229261271087,0.0003927103976909595,-0.15168049449142323,0.004405670610480354,-0.06678161237805523,0.007816504687188728,-0.02462033114323752,0.02494647466769794,0.11392367339239488,-0.014796835594011645
-1.1908444905692974e-18,-4.457932567527298e-17,-8.613725463533222e-17,-4.548208281787053e-17,-1.805224394285027e-17,1.2578587780159385e-16,2.8449465006019636e-16,-0.09575044455008899,0.0045226245272080995,-0.06163846839970938,-0.036357931359428004,0.011332810681274489,0.09577760556500793,-0.12588223939497664,0.055080974990055404,0.01862416864252097,0.0004376101986769225,-0.04996219559867835,0.06788138511292997,0.0008789643098618024,-0.010144413897019366,0.020232133282769408,0.019774664438965202,0.02881715636512709,0.03149391719201788,0.030805065075512787,0.02773927960144623,0.015116872154695277,-0.034283007654245835,-0.0034787577407015082
-7.45122965770038e-18,-8.187789333361258e-18,-4.576944076414372e-17,4.826870425782221e-17,-4.702901570040681e-17,1.4333392827620167e-17,-4.163336342344337e-17,-0.04415549291701468,0.11928454271097638,-0.04675089046258317,-0.030801833064402574,-0.03184281694380462,0.004718846939312269,0.04371334387349969,0.014416533406397368,-0.07929514653907675,-0.0038165339623792587,0.13304176540462656,0.10808349469481617,0.039943066317490984,0.008740505639418134,0.02329215227597266,0.00558463702397347,-0.1011352603607973,-0.018357401056918368,0.002605966764735579,-0.0084399662657063,-0.025455282124801366,-0.008661353869350387,0.08404016673616495
1.762389098068998e-17,2.4352143724694456e-16,8.616604211880136e-17,1.0944388907486423e-17,5.632445717630049e-17,-3.520650942068482e-17,-1.1796119636642288e-16,0.007304684950131585,0.009918252115217496,-0.002427375244638035,-0.03467761543189972,-0.0440627475415359,-0.023708101903459334,-0.07528291071946105,-0.018903284942884593,-0.021741149193632247,-0.047108468450530065,0.02523055652032089,-0.01883938030121856,-0.018567978431132184,0.014774567405563956,-0.009140296336078565,-0.02123117879212181,0.009742471199858832,0.04239211999160616,-0.006175787081844746,-0.008199053198922848,-0.023550458031493384,-0.00790245999699133,0.026952777913328712
1.861326683139695e-17,2.7692575142318053e-16,9.221224982183883e-17,1.2311153156102792e-17,5.948724739380861e-17,-7.329842627086722e-17,-2.5673907444456745e-16,0.038929846654713,-0.007923107715622631,0.035842648224434906,-0.015065536551508904,-0.0192415230332562,-0.005992300882174016,-0.054308537598930576,-0.022132883936126765,-0.011084062657083511,-0.018292789152580285,0.012027286056758398,0.009440735058408008,-0.018922857280429976,0.003823893436715579,0.008256427240306969,0.007904766404035963,0.0066320856084346805,-0.00583022051534749,0.013609951688631258,-0.006744546301241436,0.0011330363839535042,0.01102195498549628,-0.005922312343992351
1.0600848467884766e-18,-7.264938349989002e-17,-2.5013501759711602e-17,-6.21487489544099e-17,-3.7582375101160937e-17,1.3044966886141037e-16,6.522560269672795e-16,-0.12329191069346908,-0.0872116800978603,0.037160545406781965,-0.03616126024862915,0.04443329647555725,0.020231746169914973,-0.055659096597940064,0.02652873401866855,-0.04793818137522993,-0.05048887299999665,0.04062610803805558,0.0653809097884927,-0.05351104034548082,-0.020772946169566448,-0.04124939437658686,0.0019186520197578083,-0.006414874604531184,-0.022602281793485012,-0.01100932002251203,0.014230301021444257,0.015554063668919132,-0.06017910390077797,0.024491387022938443
5.723893740287623e-18,-5.824935725159085e-17,-1.8515489853865675e-18,2.1417028440476536e-17,-3.2696738185461765e-17,-5.4278363915800625e-17,-4.718447854656915e-16,0.043540673136508584,0.09018915991526733,0.02455992237703107,0.033237737792557225,-0.0003931040529185189,0.00011621655966525957,-0.009070002040779356,-0.005672858488816345,-0.0017760285440260944,-0.05092504957261857,0.04542594061446387,-0.05688677001240626,-0.004555349724480862,0.052558051576704116,0.012825559722934851,0.007131247807843301,-0.005563528592009596,-0.03750336219236214,0.0031716359003664957,-0.008136855684079361,0.02113353768923389,0.00234334901309817,-0.010515978755038716
1.8124380181929687e-18,7.804249828013338e-18,2.3624418197547663e-17,1.0729870179896453e-17,9.318570195049429e-17,-6.778503072096491e-17,-4.85722573273506e-17,0.05486406275647052,-0.014256932707260582,0.011233703691777298,-0.052273079038333226,-0.06064185515289122,0.041524890218012665,0.06997968419513043,-0.004405849520538236,-0.01127727378951097,0.09098791193765035,-0.011023143213497273,-0.020654542049024036,-0.057039963880330016,-0.06697288894981006,-0.001774699137279215,0.013691060880260874,-0.011735149440613594,-0.0048628472129286305,-0.04128511946173321,0.042816648509547924,0.021143642691461937,-0.029947332769257987,0.021586448951079786
-7.487858499908541e-18,2.610838387593813e-16,8.036906408527533e-17,-8.046195053168663e-19,5.129907019618455e-17,-6.570552697374577e-17,-2.914335439641036e-16,0.04982081980988915,-0.02826168291310602,0.06421486577671255,0.02110650529461113,0.021068654480193547,0.003261615928485763,-0.019328879982895775,-0.0045365645192404075,-0.024786092541777664,0.00812528806575533,0.018634088505536092,0.013787933887685996,0.020825471724252583,-0.0003616125160495989,0.016870777570976714,0.025582851594556335,0.007455857781886827,-0.023535164746844573,0.006523913162285243,-0.002049733769673852,0.014453265505884156,0.009108799824198975,-0.019717484306815792
5.017619657389983e-18,-2.663642162784257e-17,3.153258739806206e-17,-9.330007509112956e-17,-4.4872961846618953e-17,1.239953485005289e-16,3.2612801348363973e-16,-0.08097229604561527,-0.08930268279307824,0.0679668330339485,-0.05113580620298384,-0.04846936140547835,0.042898016348522756,-0.033914116071628746,0.04454485126677354,-0.03834609945982565,-0.010205954078218487,-0.07187563713726759,0.02215992868073071,0.04705450664529188,0.01687906269261441,0.025107703412429818,0.01886994184853115,0.051980903496175526,0.03827199883868,-0.023443583558124488,0.0892260737006404,0.061987944343646524,0.07132457613045803,0.07144204437284248
-4.308489033748606e-18,-9.74633623849621e-17,-8.338314526584388e-17,2.9902630375069856e-17,-4.200779187078745e-18,-9.089983637564808e-18,8.326672684688674e-16,-0.017048231639312614,-0.08134452062311998,-0.08880765210691309,-0.03211504161609357,-0.025219658405855647,-0.049967490641886644,0.05810248117424745,-0.0737758729383528,0.039506781592918996,-0.029393896996431742,0.06669565403190507,-0.02728023758753366,0.11146390879429328,0.022080070920830405,0.007499992342434066,0.024503609345553064,0.02991145681606818,0.021639258897367942,0.010404386650311575,-0.03474845715044743,-0.04106627361449055,0.04825694950548354,-0.03341456613416778
7.059067662011784e-18,1.6427107244574783e-17,3.64001476700227e-17,-1.9506547688205043e-17,-5.500045664613377e-17,5.04204174022812e-17,-9.194034422677078e-17,-0.03123831538562623,0.14567032541130528,-0.013072469609210983,0.035384022335250905,-0.07316347966661868,-0.05608111920825835,0.12179627110125943,-0.0508002854697072,-0.05063376735737999,0.03898931097304801,-0.05535253730626747,-0.07671208709058665,-0.08019066904801263,-0.0011573055413144316,-0.020100483170412187,-0.07092046866659803,0.013689273714221982,0.08107590885308032,0.005486386325012646,0.0033617113404387686,-0.06902197630264321,0.05576210518382256,-0.009692662292507856
-5.6769758090175815e-19,-8.774287925829975e-18,-2.3728347595352882e-17,-5.450559249085962e-17,-9.931092949995141e-17,1.3835663004756872e-16,5.828670879282072e-16,-0.1173821405482219,-0.07054809734483115,-0.03377955121748258,-0.1304707022130227,0.02700557911232833,-0.042137340908318464,-0.054326637286372985,0.023205743943010587,-0.048900052625730044,-0.04145709917800149,-0.04101878477505621,0.04136739708679207,0.019693619790139345,-0.04573191986247664,-0.059597543108228415,0.09362965082754374,-0.008297211556268133,-0.08540349673050646,0.02429311937301481,-0.013997456721372568,0.04599409744360805,-0.02279937072695671,0.05952643981804774
-7.647472387178798e-18,2.53382795495828e-16,6.084226437966157e-17,1.2210857243794193e-18,4.55288860637892e-17,-4.4790725837429625e-17,-2.3245294578089215e-16,0.03710822027666777,-0.025235031394516803,0.053410255069915306,0.02109648340841976,0.017109554684516103,-0.003110421807909077,-0.021998822350808897,-0.0008541863846952311,-0.030521795643845856,-0.0021725938232696343,0.026499389238158033,0.0034125232256197895,0.025255751791557965,0.0016273537001850913,0.010582522703731828,0.018920234462933432,0.007817765809226142,-0.007243394818975747,-0.001065984387650125,-0.0002745119948110832,0.0077137294201481115,0.003922068684053029,-0.007612151593175071
-7.612152947709526e-18,-1.843465584391896e-17,-4.6510895704842253e-17,3.032698248488595e-17,9.550384899813057e-18,6.259837907871833e-17,1.1102230246251565e-16,-0.021485895849890985,0.0744615826223274,-0.0898631118727892,-0.049708223629057136,0.03673519582568968,0.08600361221806667,0.0930112654012733,-0.029314292480698185,-0.04807508251945884,0.14121728890179883,0.10402965770111047,0.05264076993322068,0.029704278940018227,-0.009763051468456024,-0.0853534824617256,-0.13423958800207697,-0.04148211402906464,-0.018131157965797565,0.0685674069280461,0.04555442263985714,0.06408232520802355,0.034096219398216714,0.04739854317412972
4.559050298869037e-19,8.874655654158285e-17,1.2779311255101941e-16,-1.3971054926476102e-17,-8.126893941204171e-17,1.8797645337795056e-18,-3.191891195797325e-16,0.005023800179809865,0.12455291951407561,-0.03411296277221386,-0.02621437607794554,-0.09474055526210463,0.032591213116101296,0.05841088605727786,0.009731126564156894,0.05570336189887765,-0.006961690179125495,0.0028766479031478455,0.0014354826626605875,-0.00944129031678219,-0.025057575039171914,0.0016211190224201236,-0.02010010326350158,0.004333475969337515,0.01618058214656097,-0.048959266688738796,-0.008217342408024155,-0.007842454988861334,0.020568457639256802,-0.016019137106458952
2.197654121363123e-18,4.093169060234168e-18,1.0066861529483843e-16,2.6993218681313143e-17,2.045370123227075e-17,3.977908164835429e-19,6.591949208711867e-17,0.00416776031077639,-0.013953540498928588,-0.014092820546013959,0.001546036296547281,0.024695860199688256,0.018613575467243647,0.0031311539523942175,0.005828586413083874,-0.020103424462767857,0.04703368042293299,0.025126693452550187,-0.030409930610978565,-0.009111295718849553,0.024245884069864596,0.002834180812761573,0.016360465017811895,-0.04863226079107464,-0.008996984783559227,-0.042241827567128507,-0.04873988136889933,0.03161034098073953,-0.002118075272634094,0.005484037472400292
-2.0039795296896801e-19,-3.331836276607272e-17,-3.3973260519503306e-17,-1.2669024679977302e-17,1.1877579336718552e-17,9.50053805786104e-17,3.885780586188048e-16,-0.08669292378441458,-0.06708850758402919,0.005819836206699451,0.03261455610919765,-0.048582412994811856,-0.057189772036854596,-0.0012894052348598312,-0.004723451033930975,-0.09607422988152547,0.015948913045316794,-0.09567875319525972,-0.016809003314667684,0.043303873853891325,0.0070628699368697236,-0.027310614470542567,-0.010010554423481382,-0.03199384764237575,-0.025172412083559612,-0.047819613390620394,-0.023935319031625192,-0.011443391826065907,-0.007202200071161751,-0.012470951710671764
-4.656067538609171e-18,1.1816888573409422e-16,6.794556464428182e-17,-2.7209193265849013e-17,8.286795972391833e-17,5.500024578704836e-17,3.191891195797325e-16,-0.06318225587751265,0.00488782808427681,0.07617744035322065,0.005815174097078034,-0.08444234155044134,0.03602062040049104,0.12228706233416797,0.025782564621491994,0.017360364862001213,0.03035704008201582,-0.034619854216057275,-0.06447022012681485,-0.11856281255465044,-0.11595974021866993,-0.06066018348829747,0.01917118716572301,-0.11564367076360282,0.014401790913257407,0.10327936570653926,-0.04485955992810247,0.10863321393202462,-0.008123930373868736,-0.04054560062234996
-7.487858499908541e-18,2.610838387593813e-16,8.036906408527533e-17,-8.046195053168663e-19,5.129907019618455e-17,-6.570552697374577e-17,-2.914335439641036e-16,0.04982081980988915,-0.02826168291310602,0.06421486577671255,0.02110650529461113,0.021068654480193547,0.003261615928485763,-0.019328879982895775,-0.0045365645192404075,-0.024786092541777664,0.00812528806575533,0.018634088505536092,0.013787933887685996,0.020825471724252583,-0.0003616125160495989,0.016870777570976714,0.025582851594556335,0.007455857781886827,-0.023535164746844573,0.006523913162285243,-0.002049733769673852,0.014453265505884156,0.009108799824198975,-0.019717484306815792
6.176585752063283e-18,-6.352870555060563e-17,-4.3045688251830515e-18,-1.4353936763801114e-17,-3.1882021406532085e-17,-4.265734409300594e-17,-5.551115123125783e-17,0.005012995079600827,0.006589178594030664,0.11787465115120552,0.04941275849265871,0.025454488958863115,-0.0366070882644905,0.009278656012881316,0.0932816598406142,-0.0031538483277312817,-0.07952101420586546,0.017662075168557518,0.1489474529501556,-0.0945553776815876,-0.01230174094154567,-0.035747706711643464,-0.03869438218527653,0.00023324280362721457,0.026512222466935215,-0.12188681398916651,0.03862099102378265,0.02393493226583073,-0.06134301284150605,-0.061023421912386
-4.149508229643293e-18,7.641040415733278e-17,-9.862900264559271e-18,1.204315595970718e-17,-3.302518480017184e-17,-1.0701838008810995e-16,2.220446049250313e-16,0.08410597702518952,-0.12105430188925574,-0.06448982026142672,0.050457480448118534,0.056935048386241624,-0.06523228487749785,0.04031470287141549,-0.002167881894861168,0.022158804354162544,-0.003582660073790331,-0.0067425104577370125,0.010420579293158287,0.017539408376852153,-0.021614893711754696,0.008392009719640672,-0.0212402527490156,0.019662532186004045,0.020228709812357304,0.006566672459502235,0.018692930951869406,0.027342451846320788,-0.010816402833914029,-0.0023047911984748377
1.39200619704398e-18,3.227815303927949e-17,3.732954895456172e-17,-1.4827672847071187e-17,-9.231278218832363e-17,9.175131225569612e-17,5.429684479807406e-16,-0.05317913132811418,-0.06958356266607942,-0.021146704760469353,-0.00513165728832369,0.013841039805298286,0.030600274927481564,0.0830562039519092,0.01169185029334761,0.002139877756063509,0.0010114775409082097,0.048338147142075225,-0.035150344047375034,0.012982101952090966,0.03667460140685221,0.019552383908961416,0.03869327633375782,-0.012268047162218167,-0.051308867158334735,-0.0432547980942095,0.010841353908862886,-0.018734315067174438,-0.03337280635195159,0.014127704338452172
-9.026459749755982e-19,1.3301466654004704e-17,-1.3533365296203455e-17,-4.072441356259383e-18,-1.3495448283942216e-18,2.5319386314306906e-17,-1.2836953722228372e-16,-0.009092308351614103,0.078664408223811,-0.031076351680503538,-0.003737124171742324,0.007847656975446468,0.009894637599555802,0.015662415254923307,0.046639467838275495,0.020132048867052974,0.026246065060108854,-0.010227783097073785,0.021818147257580116,-0.004360370318244329,-0.016423455260215398,0.02716507599831287,0.002260688306374329,-0.012395563635076632,0.00998630176364674,-0.02301490571935578,0.00664764239740442,-0.04566461647699296,0.027354261253160796,-0.035674471828492905
2.563894288002226e-18,6.467046006537283e-18,-1.6843614597195657e-16,5.9130514079999585e-18,6.829171921036013e-17,-3.047449662335642e-17,-6.245004513516506e-17,0.0519452614661613,-0.026064075421262375,-0.011663816637567506,0.013917465095353701,-0.02105039436309485,0.03552942872004913,-0.022899572583235495,-0.027613195857212187,0.06013118523288821,0.006655337243078855,0.011470987624234754,-0.049016121604307385,0.04139958262628196,-0.0169529086033837,-0.06204630157470416,-0.019680268667559987,0.05549160020687338,0.03501711683631238,-0.0017224274642605026,0.0022190420914300953,-0.00659848216798991,0.05511320509753496,-0.006339750488419025
-4.249187612494501e-18,-9.998796018885846e-17,7.931845916142567e-19,6.747859467185446e-18,-7.964755180925498e-17,-7.929740511525454e-17,-5.48172618408671e-16,0.06570807037790057,0.07018142394062098,0.06299375030103334,0.020111421273231258,-0.06450434004300885,-0.00888237158505222,0.0137224960551505,-0.03541886965115704,-0.12089448940072244,0.023836695362108994,-0.014856000356420854,-0.027287373243704564,-0.01732288512717837,0.03216459172058091,0.019640035222757875,0.0009818090941313166,0.0041191680149447645,0.08266360470034315,0.00836352501270216,0.008754495566449642,-0.03669551467694723,0.017921871077217707,0.0010494083735210027
-3.76389793212644e-18,4.6128617882128327e-17,-2.9000455307660863e-17,-1.8431947258240577e-17,2.4012514879962837e-18,2.3910624536542876e-17,-5.551115123125783e-17,-0.008770510599797235,-0.002227030553296497,0.05434062251159964,0.06120850106143095,-0.010029526658308351,-0.06480919677419246,-0.08006916900991318,0.05043450568990272,0.02443742368880864,0.08628405117989438,0.019550257199261536,-0.034661520233965036,0.01658656078445982,-0.037210857319393414,0.023690022142621406,-0.0703940984432074,0.01345188414273097,-0.013048532651626909,-0.01211802215155323,-0.006467852092190117,0.00233766478936194,0.008921260760201355,-0.009369677520628
-4.747321120709542e-18,-9.187384576353149e-18,-6.990757034516127e-17,-7.823613799322637e-18,1.017530588141608e-16,1.9849400448267462e-17,2.498001805406602e-16,0.004430376432320715,-0.0022006047552333547,0.026897877652493678,0.02023231659956664,-0.026029031256264937,-0.05165329267468638,0.06687545260677906,-0.02663417680730434,0.05060494078122662,0.08859304724081084,-0.004386771556628193,1.3346729564190628e-05,-0.04352852796236826,-0.04191819582216134,-0.052382227088817464,0.046300320772354964,-0.07542396693111335,0.002030849267614785,0.02336598593917688,0.04818482435809419,0.007176458516703646,-0.05243046191309071,0.04837474045880219
5.200070579621725e-18,2.0478113788192133e-17,1.7575635042633385e-16,-2.644107394661844e-18,7.219732955540162e-17,-3.2361948369841283e-18,-2.3288662664988635e-16,0.022369712305558138,-0.01089981283683036,0.0583594530874458,-0.025634646185406864,-0.013566213254927871,-0.05062497386209934,-0.05709250777245175,-0.042569929539647236,-0.005645811752487415,0.01401922876616074,0.046738227383794025,-0.049859262700211314,-0.006783335302806977,0.01435930234800584,-0.0019558886550576342,0.003733534830663516,0.021398245760440294,0.005032098430041295,-0.02090529055960218,0.015116673347595653,0.00814459805968974,0.06300834713559883,0.04699149008279864
1.2506628676279599e-18,2.5168379455096422e-17,2.2165667711976495e-17,-3.6675515647333724e-17,-5.90631604779295e-17,1.32877364311777e-16,4.440892098500626e-16,-0.10910202377276626,-0.05965819847088212,-0.00835715146838856,0.01033462181873687,-0.045319965555451494,-0.05204463718597026,0.044111820853225306,0.01756089474079899,-0.0676452440219533,0.0006364164544075787,-0.16087951400818518,0.00864540476813283,0.020360476565645075,0.0005548853820673243,-0.05376688180799455,0.013422324912574904,-0.0069253151687313445,-0.02605679957566234,-0.07875998433146782,0.006125314742921407,-0.016001668595550803,0.011783920652031137,-0.03821234590294652
5.277088263311329e-18,2.358465509343088e-18,1.9010667472018687e-16,1.0791035424293733e-18,3.8482229653875e-18,4.143755397954938e-17,6.938893903907228e-18,-0.01571444190051709,-0.006255698472186993,0.0072032185449402335,-0.0025658765397363944,0.03232080635395523,0.011754386272991107,-0.0028297006817435983,0.032940552059112074,-0.025047211871679905,0.0046936214759103045,-0.06734456749155202,0.008823966349619553,0.010941288421715673,-0.01684203857073871,-0.06348236228749407,0.025181895285221315,0.028224791701896682,0.0017778442886871903,0.020872748798168722,0.005173999703091552,0.01273443208177777,-0.0020262560370341736,0.012846300010731523
1.9018801270908883e-18,1.5318607266398034e-17,1.3670542948223486e-16,-2.9913083243140914e-18,1.2319953071079094e-18,4.5916935128375026e-17,2.983724378680108e-16,-0.062102854423581495,-0.009816218393954487,-0.0013451259087724605,0.025594315924265955,-0.025280949475902672,-0.016186457827284163,0.02265553834819046,-0.017688989688368267,0.004615425027093466,-0.014283035284518249,0.022453629635054463,0.011087834001884227,-0.027931707360968495,0.026963971334132798,0.13968569675744105,0.04273402164804969,-0.037317413816844024,-0.056982984443602884,-0.019550695578906815,-0.0024664679039014354,0.06222277038127966,-0.04592036463084487,-0.041321573961952046
1.1124611430816158e-18,-2.1745969515016078e-17,-4.210260856395811e-17,-3.1082725634545063e-17,1.2060981320589296e-16,3.850802698714927e-17,2.220446049250313e-16,-0.027514466432630773,0.06993407207403722,0.08962752912982754,0.1829332224693056,0.1403946839563511,-0.06731591439295402,0.018254419924076594,-0.11276353570731362,-0.10055194201539594,0.07218755481633922,-0.1660935517062018,0.0864627781870701,-0.04267372593778093,0.003967875624411771,-0.050473773547665725,-0.04761049796857642,0.06041519570303545,-0.12266772656143907,-0.0566194377460289,0.11738930664013171,0.11395411117320209,-0.12248807063008718,0.0029150110509664467
-1.9870970297899985e-18,-1.5442725708655933e-16,6.005872494881089e-16,-1.468141303106825e-17,6.315407846057664e-17,4.923594557626758e-17,-6.938893903907228e-17,-0.01807239807689006,0.007400466093836153,-0.015778586339926282,-0.013650215241139498,0.037440928324292105,-0.02599978993358827,-0.020380607171811657,-0.008851094473227256,0.013334108819775856,0.006751078944025249,0.006587467889267894,0.00035474255334095976,0.019492374659367602,-0.0017458552219916518,0.009056319900425498,0.004110034746199277,-0.0052097457889074125,0.0005967235542691203,0.0040779397976495055,-0.022901546217712808,0.004838172933123645,-0.00334564198218746,0.005926811064787137
-1.5858906338542905e-18,-4.504278516214947e-17,8.631814585277009e-18,2.4444060316792095e-17,-1.477187118280924e-17,-8.255655675581629e-17,-5.828670879282072e-16,0.058211964964304426,0.07052572440975324,0.03893281571703149,-0.06126522517319902,-0.0837003991199524,0.026214839992396745,0.005635745787341636,0.10045925790181719,-0.02909855642666008,0.018887056919169705,-0.026801005397460807,-0.08155436529219301,-0.005664824846080908,0.07553260794661336,0.04278920153700832,0.0017245555858404515,-0.004955791506252198,0.006727437375345438,0.007961330701941752,-0.028603520367782402,0.025094131826571924,-0.03736538814621501,0.003891870110853284
-5.791995683994951e-18,-7.306727609387456e-17,-6.921083654620995e-17,2.32094758344777e-17,3.595216310788736e-17,-4.9513365807878025e-17,2.983724378680108e-16,0.039214617142702725,-0.11657738970566564,-0.02788601001168469,0.005071225063944112,0.007325299841157554,-0.030881486718269728,0.047942266293473874,-0.09758532017976503,0.010079373185742606,-0.03657108270949699,-0.0008900729105153366,-0.07809920839596249,-0.001473358987455278,-0.005904123494052915,-0.07371173701148646,0.04034236681247817,-0.05312508233124371,0.04096140302438324,0.012500548147837787,-0.029298710661568382,-0.0023220404844112195,-0.09911053088659036,-0.01721756727768975
7.47371477444823e-18,8.91800925204292e-18,4.7497281841430644e-17,-3.206916311717486e-17,-7.717286322057062e-17,4.8683713634170894e-17,-2.7755575615628914e-17,-0.03720466264755749,0.10267520744931984,0.004791231758683115,0.04917336052012069,-0.05588656996381129,-0.03772238408802578,0.06286646108182305,0.04140031103576476,0.08533668032424416,-0.004355587276819151,0.035952508187651805,-0.012842262680219294,-0.055345092286651236,-0.04277194887316971,0.031025891515566104,0.025494295082487312,-0.03398458615886078,0.04562378579427164,-0.07304235906841412,0.00847640342339854,-0.06513264411437064,0.05564166240250953,-0.014351810330166519
4.164928262810754e-19,-3.147145254965217e-17,-4.28693935474559e-17,-3.261014753614417e-17,-6.183925793698668e-17,1.3728221366292788e-16,6.938893903907228e-16,-0.12109550799310724,-0.12229614878186293,-0.03436659354016177,0.012560324074132144,-0.09077531377525237,-0.1014053049864558,-0.004056827792582372,-0.01115618067155114,-0.10308014003798044,-0.010735310362806252,-0.23315595203412454,0.023154008156971478,0.020069826675849937,0.02795524737170659,-0.05751589621409114,0.01773211806318154,0.0012777954681775013,-0.03984591789808662,-0.13857341078085583,0.003335681793641073,-0.03229809736274784,0.018945831117034295,-0.06741220093057103
3.663750113242477e-18,-1.1823842871911892e-16,-1.4801023212025264e-17,-2.7338186984600927e-17,-5.5461813828905725e-17,7.1959292569069475e-19,3.608224830031759e-16,-0.03595399652272562,-0.07858598767586393,0.037938646031182084,0.05857558262837224,-0.041524664334985216,0.15324154404084958,0.01044461584905364,-0.005765868167514367,0.026022298402569945,-0.05985443250742429,0.08272285765575044,-0.024423593924338523,0.045963827762566536,-0.009226386900475895,-0.026742601705266954,0.05712918811728274,-0.020007887741925016,-0.030073446516280546,-0.028945775272590638,-0.025279799438683803,-0.035745527281615695,-0.00429338926719296,-0.05564796121758605
1.759404006466152e-17,2.557510443621939e-16,9.550842457917782e-17,2.2394020497758488e-17,4.389444907766649e-17,-3.698060376445638e-17,-1.3183898417423734e-16,0.011459344868303599,0.006407485486917252,0.0038348315311630306,-0.031790438613133756,-0.04366625301584232,-0.02174734695816888,-0.0748281472221632,-0.02269104903090162,-0.01629260001001658,-0.04809003148580749,0.023912647714200017,-0.012089313231216753,-0.026453161267405906,0.009784558511412305,-0.0067918319212772965,-0.013385610074065734,0.007482508012937956,0.03307565223025627,0.0017019614070320416,-0.006331819040753657,-0.01835421495048532,0.0007642174977755952,0.02214682571625151
-4.448868457962589e-18,7.557744144259389e-17,1.8965362522931552e-17,-1.2439092465294861e-17,-1.398050466143302e-17,4.2425781405432224e-17,1.1796119636642288e-16,-0.01607602957841917,-0.029739943865991155,-0.00016933218126291758,0.025321503318144877,-0.025592325352699802,0.018221552902390647,0.028350431569132743,0.016761966201742487,0.013387433771294662,0.01764462030801096,-0.013238611050478993,-0.01597582546652461,0.027187419743288564,-0.0018003001693492964,-0.03921372454639634,-0.010404548797645395,-0.01242872775410907,0.037290637178287775,0.010654516641325633,0.0021830019459142228,-0.012129950272043655,-0.014195084751375606,0.03958907623169838
4.524984532650345e-18,1.4089774130338607e-17,1.2016529597613325e-16,1.2318413072245554e-17,5.389289442043213e-17,-1.666989750432465e-17,-6.071532165918825e-17,0.023176513260377143,-0.05518125456122718,0.02975002063369639,-0.02319275304922973,-0.017598644824564684,0.030330066459091084,-0.023842876610708812,0.005834893254123524,0.03151938349016352,0.009115049202195639,0.005905715159618306,-0.01581668873508157,0.015815233601361323,-0.003995628273259979,0.03731071632434851,0.01583547449082336,0.028438069797241446,0.01807502616964722,0.004815647253879043,0.004731079493001879,-0.037326695164741186,0.032095287005393734,0.03702328013294222
3.306761574557399e-18,1.4060017073052223e-18,1.2097620059936857e-16,1.415563896377127e-17,2.4369345648789847e-17,-3.5083713152089303e-17,6.938893903907228e-17,0.030641441385426585,-0.06038059074396664,6.38292945320728e-05,-0.011183126338032518,0.017255898200632752,-0.005361584363455315,-0.01590712712396296,-0.05734394387463174,0.0025857039164106565,0.003361880901092309,0.007855607289481842,-0.02882705828743378,-0.003954642958171052,-0.018736898670219354,-0.01917583584300219,0.008446186329936512,0.033453155202699925,-0.03309228176222598,-0.07856578118158697,-0.0150075922788564,-0.02651660536178066,0.05966420911714237,0.04967467756649958
-7.399475233244104e-19,-1.6214377126441322e-17,1.136724363802319e-17,2.1964056845113376e-18,-4.536499206119029e-17,1.284381671700486e-16,3.9898639947466563e-16,-0.0773659980939715,-0.03580756014860353,-0.0264448416373981,0.0032791299153343647,-0.03995999203310901,0.020382494680091855,-0.00033422778008739305,0.034889198037374926,-0.01977018771791063,0.08493784227292896,0.004675253874845056,-0.04266305205291925,-0.03405936215788956,0.01608703597017164,-0.09312650650965691,-0.04693699291500441,-0.010701522277559189,-0.014251833001178807,-0.060289177558441945,-0.058533497618524756,0.07942981847713991,0.11577493740787066,-0.0006223986274071421
-1.9870970297899985e-18,-1.5442725708655933e-16,6.005872494881089e-16,-1.468141303106825e-17,6.315407846057664e-17,4.923594557626758e-17,-6.938893903907228e-17,-0.01807239807689006,0.007400466093836153,-0.015778586339926282,-0.013650215241139498,0.037440928324292105,-0.02599978993358827,-0.020380607171811657,-0.008851094473227256,0.013334108819775856,0.006751078944025249,0.006587467889267894,0.00035474255334095976,0.019492374659367602,-0.0017458552219916518,0.009056319900425498,0.004110034746199277,-0.0052097457889074125,0.0005967235542691203,0.0040779397976495055,-0.022901546217712808,0.004838172933123645,-0.00334564198218746,0.005926811064787137
8.678762959632345e-19,-2.667718192607808e-17,3.511555269119016e-17,-1.999573274843287e-17,-9.595503557689359e-17,1.3803305704417552e-16,3.8163916471489756e-16,-0.0948289833771576,-0.007775872528514959,-0.06445297010790416,0.008854509970107128,0.049060324374032925,0.029138763601207283,-0.043472424925464374,0.0030515779052661144,-0.030428197271118305,-0.03902315644372752,0.04052195360800952,-0.044588782431649814,-0.05704542284828724,0.04056132107565245,-0.030818302219290623,0.019380334803003673,-0.030455839535721344,0.04570648852682975,-0.05763859655738343,-0.002767827775460341,-0.012465884721004608,-0.04153868045607941,0.053177941563217965
3.8773695252047686e-18,3.6720453382242574e-17,1.436590049925107e-16,2.1382442233558158e-17,1.9271196050791082e-17,-4.608389742355084e-17,-1.7694179454963432e-16,0.038613886461211853,-0.029558069747361436,-0.011929436622191375,-0.054956959789315245,-0.008287254693994541,0.031910648315261386,-0.04286440478865849,-0.06697362159509347,-0.0048704102031351115,0.03729181315718034,0.027223825997209364,-0.02600980749685738,-0.0450845160314149,-0.002745016907783119,0.006212535978263576,0.00917400376585206,-0.012542229070596364,-0.03957435720071777,-0.0008133207408356014,-0.06069367999272522,0.007104131241507583,0.0625683398172567,0.021422705491459835
3.454422467360127e-18,-7.298096854284667e-17,4.312919589842443e-18,3.220866246610343e-17,-2.336049482835383e-17,-5.2892177775443663e-17,-2.7755575615628914e-16,0.05611832867522657,0.051642982472702575,0.03720643444450424,0.03902222655045138,-0.04497621977011615,0.01314357568014675,0.0646410754419943,-0.1132757727910435,-0.08365205190420869,0.06278890956448668,-0.041342947678249774,-0.034498482768843666,0.03780233316606513,0.008474969541026,-0.031220845286287435,0.07422249516792141,0.09901954607086313,-0.0559921256176395,0.02440063958146029,0.021212202773061156,-0.029723402155843185,0.03138753655317998,-0.02528706917292066
-1.9870970297899985e-18,-1.5442725708655933e-16,6.005872494881089e-16,-1.468141303106825e-17,6.315407846057664e-17,4.923594557626758e-17,-6.938893903907228e-17,-0.01807239807689006,0.007400466093836153,-0.015778586339926282,-0.013650215241139498,0.037440928324292105,-0.02599978993358827,-0.020380607171811657,-0.008851094473227256,0.013334108819775856,0.006751078944025249,0.006587467889267894,0.00035474255334095976,0.019492374659367602,-0.0017458552219916518,0.009056319900425498,0.004110034746199277,-0.0052097457889074125,0.0005967235542691203,0.0040779397976495055,-0.022901546217712808,0.004838172933123645,-0.00334564198218746,0.005926811064787137
1.527764184855532e-18,4.539600737575352e-16,2.544306253526536e-16,-5.3373440312386856e-17,-2.6326917514886884e-16,1.7812561170008967e-16,1.27675647831893e-15,-0.051331345668693205,-0.2814350310075637,-0.14915042491400748,-0.029499783002996223,0.2908782753625388,0.09593292107308543,0.2910365112820177,0.02424995222980675,0.09178567220696797,0.012457872640893236,-0.04174169849426569,0.04298210352114675,0.012700455169961284,0.21079134169600006,0.09014747652008281,-0.0346989478113623,-0.049376259813516954,0.0016378398293301368,0.034769126086790315,-0.01629003106308852,-0.049368799921696634,0.057893356935893925,0.004322045777246876
-9.207689750830867e-18,-2.30405331077867e-18,-3.41392071774706e-17,7.099401133059066e-17,-1.2700970000653425e-16,7.223801849930412e-17,3.608224830031759e-16,-0.07699980459062578,0.04989379416161171,-0.07692914542818431,0.03311241517584252,0.05178128660379154,-0.004303088765066217,-0.023425568626254018,-0.019867079840177868,0.005562254789445864,-0.020454791208192723,-0.005159433098050815,0.07833444915368726,-0.024890560228559153,0.033127602498046346,0.060778307400476086,-0.0038086595664099327,0.012873531263754588,-0.07097834791161083,-0.14170306708637728,-0.09365814356409272,0.04654248335982984,0.0032102430001170537,0.07419169466637196
-1.1704170599076112e-18,1.4728957980916128e-17,-1.0921694737944238e-16,2.01727690104797e-17,-9.820260908841192e-17,-2.6828714852076667e-17,-9.159339953157541e-16,0.07168232732045021,0.1674882723464144,-0.020534994612666856,0.05178888088647337,0.21045016506009057,-0.09333227822572909,-0.08378018913062654,-0.07779539744765612,0.017462102071110472,-0.08156043280168124,0.007018821328344558,-0.06426324025532408,0.0529172341865586,-0.060324837147830324,-0.008177400094631552,0.07205600916454143,-0.0031553318640142967,-0.03605197310577492,-0.07195289587110291,0.025811805242532498,0.09260492210136388,0.07136495682864065,0.007383997423440712
4.033265411128699e-18,-1.5531770613410516e-16,-1.3787942862530948e-16,-4.481290719829123e-17,5.393471239980866e-18,9.139188135270626e-17,-2.498001805406602e-16,-0.030256860021130816,-0.005646200838516519,0.03185884859097481,-0.03015102679036909,-0.028805939724978538,0.039893752159245864,-0.09430988003256115,-0.14582892379584045,0.03603598592991817,-0.030273798759953698,0.031370362923868175,-0.05712546875622279,-0.0056602158279676065,0.010835647275114973,-0.021753696221850426,-0.02420733809169392,-0.05190598248581272,0.09266250243170376,0.04617860456004953,0.02855314970169513,-0.06115037321907732,-0.061362996642209754,0.039710864859238845
5.1264721657136995e-18,-3.061038872859272e-17,-4.7415296976083913e-17,-3.8404338157785066e-17,-1.1432586011563006e-17,2.311643096408815e-16,5.273559366969494e-16,-0.15019858630316532,0.11980531690106568,-0.050884782631004356,0.05119784195580524,-0.04429480610065856,-0.026114803829236782,0.005772728690473971,-0.07549176799996264,0.0950116812926857,0.013955948521457857,0.045578894925309116,0.16623200265994814,0.05647486559991654,0.04266591965243701,-0.06571489813183735,0.008495000039104913,-0.020829887507152516,0.027498854132620078,0.006335530287382372,0.029499464978651017,0.051904102237175107,0.0024421154571537974,-0.018927473214496185
-7.487858499908541e-18,2.610838387593813e-16,8.036906408527533e-17,-8.046195053168663e-19,5.129907019618455e-17,-6.570552697374577e-17,-2.914335439641036e-16,0.04982081980988915,-0.02826168291310602,0.06421486577671255,0.02110650529461113,0.021068654480193547,0.003261615928485763,-0.019328879982895775,-0.0045365645192404075,-0.024786092541777664,0.00812528806575533,0.018634088505536092,0.013787933887685996,0.020825471724252583,-0.0003616125160495989,0.016870777570976714,0.025582851594556335,0.007455857781886827,-0.023535164746844573,0.006523913162285243,-0.002049733769673852,0.014453265505884156,0.009108799824198975,-0.019717484306815792
-1.6872506218743073e-20,-2.9447189212539604e-17,2.91371457146789e-17,-2.209089927856375e-17,-8.390028942389985e-17,1.379921149966951e-16,4.701100619897147e-16,-0.09343411601350805,-0.03789894770822961,-0.0489728394941035,0.021121786735170758,0.059039508803374365,0.03564556433550793,-0.030692418309820516,-0.0013367381249180961,-0.018199641308203333,-0.033443211648230026,0.038207360038021006,-0.04634113464433812,-0.06841760292469971,0.0397965904610706,-0.013961637861879773,0.0002715486090506077,-0.029355523099563144,0.031170415478683704,-0.054861189244728846,-0.0013246109121882296,-0.01507416580840218,-0.027844412947191824,0.0362599176191666
-2.6255315789846396e-18,-3.58303521439643e-17,-3.785555345627844e-17,-4.96767947900849e-18,-4.210005434518912e-17,-6.604753057406563e-17,-3.5388358909926865e-16,0.03367410676940754,0.06866452553728207,-0.04268331357944113,0.03118573820699521,0.03904671862427292,-0.0004952329001386073,-0.03831593725844523,-0.07919609653632068,-0.08967206617797596,-0.038899478088879016,-0.02114214493481669,0.0013651922138491783,-0.10234316378217305,0.021479164809540995,0.012663928227200243,-0.07255207872414907,0.05857207086902094,-0.026209999219454386,-0.00019808556083757955,0.03921852894156215,-0.041692225028569035,0.023301647828376126,-0.03790312182397206
-2.1087847282573822e-18,9.703836614216045e-18,2.1425058026324597e-18,-3.7891335518372726e-18,6.271788105518222e-17,-8.035279205371435e-17,-4.926614671774132e-16,0.05105344040845221,0.0026186357651761675,0.11828636845275096,0.09187959988833398,0.028402229312325264,0.1110753186449824,0.043177820232106784,0.054051248791201004,-0.08201298987271714,-0.0354418957305353,-0.007111146383172293,0.019585970358445674,0.12532919513803334,-0.06037769018755666,-0.005948029775360428,0.03807974841108511,0.03557135926710025,-0.006471205480018046,-0.01021840154390587,-0.02317807240776513,0.028722394639312816,0.0002579088268858521,-0.03743735109538588
6.005314283306246e-19,-2.251894343310534e-17,-1.9470599436837573e-17,-3.5941000919795665e-17,6.150966110505447e-17,2.430557047129043e-17,6.938893903907228e-18,-0.007137711682100163,0.0006825012257548423,0.0736441951325527,-0.02062305656465598,-0.011627492603394551,-0.0019957024659333147,0.0424050028401465,-0.03508655719912945,-0.013656339540047593,0.03335287631817384,-0.05557683478531433,-0.059998554242068965,0.01788545728601644,0.002270563221829513,0.019763049399607012,0.0042734210619057075,-0.018093786113827157,0.05882906021697615,0.000324974709078426,0.043735035983484605,0.01286958638297835,-0.048632409465454454,0.01639237468686922
-1.3818935961153678e-19,-6.353108684019876e-17,-5.233188020172897e-17,-1.3360595266477222e-17,-3.894046866051188e-17,7.676702705203587e-17,1.7694179454963432e-16,-0.05529977732772515,0.033913207443042444,-0.03655038426547941,0.01602843487016421,0.06349879585656239,-0.03153065438125191,-0.05115095217632531,-0.026150522213257685,-0.007017404053114758,-0.0004924480118308561,0.01411741295925821,0.005366759034939062,-0.03192561159944363,-0.06390741419871358,-0.022563611367482653,0.0036432996102864204,-0.04448248384679383,0.00598972619350529,0.024839675631369972,-0.02518189451811724,-0.06961317943673379,0.02720569921716534,-0.07577195770018307
-1.2943413343887536e-18,5.423354903901369e-17,3.490298690418519e-17,-1.2784757369555762e-17,2.4010034652524016e-18,2.896707018039776e-17,5.134781488891349e-16,-0.052271719184808774,-0.032980374473980896,-0.02631801657390323,-0.03964449447585974,-0.09828373556353032,-0.030790477271625514,0.009667809031415016,-0.04609781722140063,0.04499211563918925,-0.08044767317139043,0.06395130487854413,0.03091015224294137,0.016104539665696308,-0.06412290921329697,-0.008152760922765087,0.009003315018187482,0.06433246642156597,-0.019664216500632863,-0.048468667243195665,-0.01676382760255144,-0.05206090370671322,-0.0261677025775435,-0.04667017824579824
5.162543703377775e-18,-1.2766807878431132e-16,-8.570639248877606e-17,-7.160912425250508e-17,9.809797707032297e-18,2.1475082759514793e-16,-4.163336342344337e-16,-0.10534203116011961,0.07674513606049868,0.1458206899402835,-0.09537454091385676,-0.02304320105627464,-0.004835404466978406,0.026941655818893802,-0.010453457501935309,0.02047773745193872,0.03255944559142969,0.07720868483378021,-0.026495490103690313,0.015290634546116252,-0.06296087529745374,0.028854573472975473,-0.02519555238368963,0.052699592559658386,-0.011566599389947852,0.001142974956068204,-0.026522572659340875,-0.02534108877978332,-0.03543369248530003,-0.01965986471202926
1.5907204216603712e-18,3.0974700038269614e-17,1.9350824377502766e-16,2.590633692975158e-18,8.056044720944449e-17,-9.38940142342055e-19,-1.249000902703301e-16,0.03290983815785441,-0.006056721894988917,0.025539895235048845,0.025772283224629468,0.023040993200496254,0.009418588827216563,0.036813918621808994,0.03382063801970893,0.001405386793640686,-0.02342658685548046,0.030796652983642918,-0.03212336332205637,0.010151596753294108,0.016501221242913585,-0.03691095217450436,0.027477893267689988,0.023116354741856873,0.0016899319017632875,0.0011912126451825754,0.06767877301326217,-0.015329726360427013,0.005908188605256133,0.0022535448461392794
1.5910262525253232e-18,-1.8096315614336765e-17,-3.193405741586746e-17,-7.331575104587198e-17,-1.0472987196412181e-16,1.269096679279925e-16,8.534839501805891e-16,-0.10147358072578205,-0.17088945636351066,-0.025151821578557852,-0.009517780152480983,0.09019635733285511,0.03432418579761221,-0.03822208511518148,0.016736721218916246,-0.02928288883583737,-0.018159692157240524,-0.08270541517212562,-0.0009462246674059724,0.017584269633751617,0.022633120358875873,0.03663632861959829,-0.03584431708304523,0.02960130068207351,0.07607772486985068,0.007935382271901534,0.035970260709035765,0.054527059794082726,0.059077006849026135,0.06438158151894897
-5.273123387829719e-18,4.447014190353307e-17,-5.593393599017169e-17,9.458338536482545e-18,9.519335043612748e-17,2.3713710115035313e-17,3.608224830031759e-16,-0.03158033503413322,0.04922721406188614,0.029786437803941513,-0.06400852375787675,0.15354443277667806,-0.14726823273959488,0.13456044452555785,-0.0317716737121368,-0.04699348438236426,-0.05756669222573898,-0.12895436555085144,-0.06850571698612783,0.017663879601938173,-0.07601968155464213,0.0371697719755425,-0.17725747914018405,-0.09968830705392459,0.02888197425889178,0.04168130659365836,-0.036142318447169995,0.03279536151543419,-0.0025016942253039487,0.04714823050257909
-9.520496529054255e-19,-1.3225318328969171e-17,-6.593237409732068e-17,6.371152385737441e-17,-1.632770725665907e-18,-4.520964166237952e-17,3.885780586188048e-16,0.02879656273717719,-0.02812262183353431,0.00028049429990628915,0.03792393386491608,0.04376583135121029,0.022426771191398763,0.08811275447847056,-0.21540225886823583,0.013561778026711978,0.08396638404626972,-0.11193581309974117,0.020350432942321736,0.09359559118794107,-0.1117866810775952,-0.04353532982495973,-0.047436359375997356,0.05744679629209578,-0.08060604666312132,-0.022669532020068214,0.005277197552259545,0.06437776261975849,-0.02749662037979818,-0.038091920129936764
4.300128780554528e-18,8.717089175181097e-18,1.2356113853861971e-16,1.4640888670166277e-17,2.3723803798629875e-17,-4.3530139757111294e-17,-5.4860629927766524e-17,0.027249495725974626,-0.055101054226901,0.027201699629225414,-0.020178661194948537,-0.010298328842502438,0.023261803250208116,-0.02885980305402064,-0.006464334155155142,0.013170022472778601,0.0016517022598413398,-0.011985287424446546,-0.022086409019344295,-0.006371050254941819,-0.020307713404384888,-0.029484145607668308,-0.006947838140385876,-0.0031597378481969577,-0.027093426881786297,-0.017672216165602824,-0.04051745960182752,0.00038334286318361427,0.05876013866808669,0.04960414893481552
-2.9123869345620483e-18,-9.579524218852724e-18,-1.3750901164195928e-18,4.989260299863714e-17,-3.2677299299919265e-17,-1.36740508983235e-16,-3.7470027081099033e-16,0.06785548755612186,0.02915000182276698,-0.018735233309885364,-0.04690545385252834,0.04745834618726579,-0.01889422744288285,-0.05195458995345506,0.05044255676715617,0.024049952559919627,-0.09874284328088646,0.019835225742115613,-0.029251682386035944,0.005003776962380991,-0.04664338380357891,-0.03158701835414641,-0.055818495196949536,-0.07535154196661585,-0.0446478824025637,-0.016080280259540385,-0.026482128777064518,0.0015937295032103246,0.047897814268540735,0.023376421171790788
1.904945372650373e-17,2.7337332283034722e-16,9.806885191285366e-17,9.772384905627861e-18,3.807734045266104e-17,-5.1976349540201125e-17,-1.8561541192951836e-16,0.027883404464088116,-0.011143676959871484,0.03524248413517665,0.004513358725561592,-0.013637758630643513,-0.007315740722277501,-0.04216151200896975,-0.01759715664029179,-0.013065585217749504,-0.023106260733598626,0.01633436471746589,0.009151297914172308,-0.019355691764662942,-0.0005768165928307185,0.004257597521613801,0.021237540465564468,0.0020762960524861873,-0.011953872605866035,0.01617364290380678,0.00328191305272588,0.012687514201285874,0.021466866832035757,-0.00030754365810280887
1.2101369807027095e-18,5.066115938126416e-17,1.3021474447612665e-16,2.0943942921197255e-17,2.796616779024376e-17,-4.914953158792964e-17,1.1449174941446927e-16,-0.005786213236726516,-0.0015733531748547093,-0.03973139805518127,0.004305328498959126,-0.035603591106771394,-0.05038280672673641,0.023273562941190255,0.06082762399680813,-0.024985312342844273,-0.04668441101570322,-0.0046509778767143,0.03554675627978512,-0.03880319636441495,-0.027563697864508692,0.0375676789060611,-0.028142125070243187,0.017017148664434448,-0.022161139692326116,0.03100197106992418,-0.021228987169939158,0.00846254163251876,-0.024642733097987268,0.016816022469589874
6.674117663011219e-18,-1.0232272296469418e-16,-1.7007792221011112e-16,-9.948448315526768e-18,-1.0318269568006818e-17,1.0532263355654968e-16,3.608224830031759e-16,-0.08299409969290375,-0.02429526707068221,0.011991820150791564,0.08583736644405852,0.02344948678342799,-0.011261541008184219,-0.1333404166516224,0.03515915324449018,0.016795682980796554,0.029309538072703215,-0.14808062427837468,0.020531398277188487,-0.020185332177319097,0.16868230002383303,0.049717049002584585,-0.01724748421617781,0.06404547262098265,0.03465132243145015,0.04692663426236448,-0.03926289094780331,-0.014966373058995858,0.06572866758865088,0.018696882183197854
1.2655991377984944e-17,-2.6866054752637267e-16,-3.345751082641987e-16,-1.0262514386323991e-16,2.6759964554118e-16,3.229063845800141e-16,-1.609823385706477e-15,-0.08847732300568534,0.07666978652286653,0.41917554558063164,-0.3529526646667656,0.12036833535627552,0.026495978097754544,0.10040869895396277,-0.03752908367400671,0.058847898775817385,-0.12763449073534244,0.03975923569682623,0.010804244378971727,-0.13119418926676762,0.011208053431638281,0.0019514935386684689,0.031657590252616885,0.03420237784985973,0.031620276388623574,0.09413658951787471,-0.027840776713533754,-0.006253044669885338,0.0277547503570276,-0.0016986559477078502
5.8359040326420715e-19,-4.121490284102394e-17,-2.8268145810502234e-17,-9.08341813270617e-18,9.01615988632741e-18,7.451032346674472e-17,3.469446951953614e-16,-0.07429524957937154,-0.05526322565192965,0.004790995722524781,0.02464220072270451,-0.03833061578200187,-0.03902510435363644,0.014909280217033099,-0.0007219513898406986,-0.08362680381285556,0.00020804317150442819,-0.08850585251122413,0.0007252937957566242,0.03212405625416538,0.017900191421363183,-0.02941318141097945,0.002187377802654895,-0.020365376061715117,-0.05966559213045513,-0.047308430351618955,-0.0065042675012543785,-0.0028148203817574694,0.0018593506383758273,-0.019410521952526308
-2.5551896887815997e-18,-1.059471709812592e-16,-5.619118081753735e-17,1.1863640595036166e-17,5.772639701406767e-17,-5.28328587442986e-17,-3.469446951953614e-16,0.03687011483382013,0.005217919870097289,0.10388465533271167,0.04547901258688195,0.02344730276049008,0.004354121259857653,0.06709497347760658,0.05320688048307138,3.6018283825748704e-05,-0.08161420937582241,0.05528833214012082,0.026264341433559574,0.014307854014010187,0.05531431438953143,-0.04847450892469602,-0.06435617038700382,0.041916609422281016,-0.0390051986785303,-0.03563082240672917,-0.015820046346792446,0.02448830116053991,-0.036449538820562025,0.07020831467824036
-4.2857610259625633e-19,2.6706845923513012e-18,-1.4748755114569855e-17,3.9714894728488475e-17,-9.810650201066901e-18,-5.924989828693689e-18,-3.400058012914542e-16,0.019307625589011893,0.09808260827509706,-0.14115411323264943,-0.13818218356765832,0.018053459799907176,0.12918057728348853,-0.041186504165504116,0.1874024035306085,0.08792218465302157,0.020256928795432772,-0.07704190973841059,-0.07604925087965539,0.0628159268835789,0.023037730950402253,0.10320487241230508,0.03514122377481981,-0.009177056954393914,0.023161369995318225,0.007281953654292529,0.04202835816974773,-0.017385590021886253,0.0030932970122202292,-0.04751311540098922
-5.1441552123448716e-18,-3.331869728588031e-17,-8.274088672344593e-17,9.891956142193812e-18,4.68128470413613e-17,-5.3281091905823126e-17,-4.85722573273506e-17,0.02560711908389097,-0.002780277436560678,0.056515293188588805,0.09398242363691947,0.03827587698880439,-0.02839668053892704,0.05721626560934657,0.019976684894587163,-0.006190537688127174,0.012088464137578084,0.04365598614510225,-0.01644650697355787,0.05781972241046982,-0.013486475538431056,-0.0019079085412775185,-0.09303516256847111,-0.0568957138956551,-0.0422119600455092,0.000847811035741676,0.009943035597374899,-0.032011301067667676,-0.015089415343694098,0.05219344006167674
1.777238312017138e-17,2.6823706376632704e-16,8.695736525156883e-17,3.768422587113348e-18,4.3375411040241813e-17,-4.7374428209186605e-17,-1.0408340855860843e-16,0.007526159880419924,0.008668893872066574,6.443364966360518e-05,-0.02901084718384291,-0.0425143317478828,-0.022102793739818164,-0.07130542700844425,-0.019575716235907044,-0.019434677021697568,-0.04612529739551053,0.02319273280021555,-0.014964254474350815,-0.022770969671269296,0.012577254637607517,-0.008642074152009075,-0.014283407708158908,0.007771322215703199,0.034229137375996276,-0.0017090902004508472,-0.005251255043742013,-0.016914013621039163,-0.0016217554360475957,0.024985236169893246
4.364073541790597e-18,-3.6938884190810056e-17,3.457696229918225e-17,-1.910560668516797e-17,-8.919913783460294e-17,1.5261641439451919e-16,4.839878497975292e-16,-0.10097211056164573,-0.03242139751774645,-0.0500649701339783,0.012999079274112871,0.06799164147598183,0.03672721272790374,-0.033235832251536465,0.01338101176090961,0.010203265444434301,-0.06990251586484143,0.027078919638426336,-0.0585783425104926,-0.05373832007551505,0.0348003626779634,-0.028488114994966115,0.009983842215830383,-0.03202098036621131,0.034433882422705425,-0.042856295051050174,0.02049521974384825,-0.028485651345740506,-0.024855310715507343,0.0253782111700707
3.6687767996188647e-19,1.1932962666158072e-17,1.336394517050107e-17,-1.2191078087609199e-17,-2.5014437731385575e-17,7.455940809345607e-18,5.48172618408671e-16,-0.03427142994806683,-0.05740168701889126,-0.054706131725099,0.015082005320467223,-0.038776378697425166,-0.009981953525425491,0.03469879334190611,-0.019967555717695453,0.023707997551846917,-0.085739761068998,0.07393108563872981,0.025905688716438967,0.008095878037181274,-0.03324431323487624,0.007322403180913872,0.02158536465596967,0.06242009360662978,-0.007866227744041774,-0.03535270637050444,-0.01947076390820613,-0.04436400550918158,-0.0044814823509720615,-0.04111241468147028
-1.963932916489877e-18,2.7547683750064816e-17,5.499336241879202e-18,2.918483126744924e-17,9.666725504667382e-18,-4.205123435924629e-17,-8.604228440844963e-16,0.06477929170289887,0.13098130741231664,-0.07467013199080107,-0.20286294196417198,-0.04918475049945199,0.14521442092909737,-0.0945778915862693,-0.0682473792783178,0.15363531045334963,0.025468645643385558,-0.0675522318460998,0.10733437371631425,0.07281016392564317,0.04217633615250757,-0.04951172045809839,-0.06777671701119098,0.019024592264378342,-0.10875764519493554,-0.08130334849988002,0.0600815321979893,-0.020381691856963702,-0.10051148727183001,-0.010718018124297643
2.593047470665856e-18,-9.035016204031336e-17,-4.396945325924244e-17,-4.694232128577082e-17,3.401689479252756e-17,1.154764789998586e-16,-8.326672684688674e-17,-0.07581272065387766,0.0635199945942657,0.09922840142533493,0.033953295419898694,0.05971363463957665,0.0635708157125904,-0.0342304953689561,0.051286946378768336,-0.055309872743397374,0.010258571604700261,-0.05437487498534848,0.05099333916729422,0.03410884299709029,0.05289839430086853,0.013958049766609842,-0.006116211631950853,0.04537567782916302,0.07434913248914117,-0.026248342696366864,-0.01794879031130614,0.015968593794079444,-0.04035338742723499,-0.01305583487296919
7.455927771838399e-19,-4.9355939834969516e-17,-2.3191434340607376e-17,-7.775162417189166e-17,-2.0159397627999056e-17,2.9535592476237057e-17,6.140921104957897e-16,-0.08448191133943252,-0.12110619817798084,-0.0019941656079907437,-0.09767967977235305,-0.07403732945903345,0.03403235794471355,-0.0038123976103936258,0.012249694963295216,-0.09074443325258535,-0.007630519406312341,-0.003522618350204965,0.030828598032065148,0.022434141669294642,-0.06898153860989635,0.05623631495694234,-0.044776045686160025,0.010119852375273788,-0.014029130725949421,-0.000609746369525075,0.05705515323263424,0.026704752533947298,-0.03365959126304989,0.005948268730712081
-7.767090333943207e-19,1.4998002316997985e-17,1.3350794112310767e-18,2.85903817414082e-17,5.178025143231016e-17,-4.580280698059871e-17,-2.8796409701215e-16,0.02681854555446775,0.09205807721240386,-0.04822826515129046,-0.024713401569670636,0.020581613465499003,0.03615563345313537,0.019829305798394585,-0.006865021950778028,-0.0011457157105880138,0.00790260070920069,0.016777319794688016,0.02514716109551161,0.013399648434847759,-0.019127219616238346,0.014737139702044592,-0.020982879216662177,-0.026927827235287236,0.009335563000402714,-0.020910943044774602,0.012306281357312394,-0.014482144031671753,0.017674648336350768,-0.0072997001602335574
-3.850247814848981e-18,-1.0310308367414448e-16,-8.721980754431924e-17,6.995989298345134e-18,2.5149153678390064e-17,2.673358681727935e-17,-1.8648277366750676e-16,0.011826196773013211,0.04315179120149698,-0.027928000854689137,-0.003449514414360753,0.0584010905307037,0.03142971100679382,-0.02409033476743166,-0.012478994455181486,-0.00013490080641631748,0.06104048540608872,0.003438992988977843,0.023768919682370885,-0.012528611233082887,0.03701390982696276,0.02056182944651392,0.043992078937400446,-0.018760461986117992,0.025397067487597014,0.0869721158825724,-0.01783969169147812,-0.05830893678036901,-0.03681139760249763,-0.12995277289912147
2.6530546168951354e-18,-6.391574380142571e-17,-5.635521680068526e-17,1.0136508146436531e-17,5.5004140032691617e-17,-1.371330966777366e-16,-4.579669976578771e-16,0.08892838337095932,0.014713837477694463,0.10632150189908421,-0.035575560586951,-0.016327694601869884,-0.020541893560986468,0.02028879037854776,0.0307814510561999,-0.008670403401646038,0.014391455419310717,-0.07794027016064811,-0.03289459177457173,0.06121080745548876,0.047356043619232714,0.030183208653132298,-0.036087388058605764,-0.014314366841380263,0.03852337475207158,0.0032289824183374095,-0.01089074244924852,0.057354807254271944,-0.010242096328627232,0.020440482768830686
-1.703370997035988e-18,-2.8602122783522974e-18,-2.2057990006554814e-17,-2.437142863513369e-18,2.8251499292325483e-17,-3.548947061556534e-17,6.245004513516506e-17,-0.015358546832946785,0.044583758802468884,0.036742917721361804,0.09814670071710899,0.009695645715533534,0.0016764436912020586,0.07285527774761132,-0.03995770608057083,-0.0448259973713075,-0.009686359800327697,-0.0635006729174746,-0.02599297665889048,0.09081441826940154,-0.07413911932915854,0.005427286005191785,-0.040918031950241504,-0.1261359033494058,0.0002337177688617166,0.015193949826169043,0.01389458099384538,-0.05472631696595062,0.009900698182578145,-0.0001286025444850233
-2.3098234802976445e-18,5.564700833746165e-17,-1.521628835880693e-16,9.603338378549085e-18,9.434900662246121e-17,-8.714178223196896e-17,-1.1449174941446927e-16,0.05181523045855759,-0.005140424451391169,-0.01479105626042587,-0.014472881199210391,-0.022625266807470137,0.0053342095417113905,0.009436931527929925,-0.00666173570730478,-0.022360583143498772,0.03961791775656475,-0.02270662121856444,-0.026836082344114026,0.023861805583755807,0.016030366405395693,0.06409724855192245,-0.01705283459980115,0.0024603454417184106,0.005798106178475634,-0.005431855600910078,0.007614667090896133,-0.002401443994993012,-0.031246680073694903,-0.024086314381976934
1.9751785339716776e-18,-1.2690693769689264e-16,-3.811458832429331e-17,2.5636843739186597e-17,-3.469933473424236e-17,-7.851906973357038e-17,6.938893903907228e-17,0.04095898542737067,-0.034334273761300174,-0.045012350735938116,0.02609343815671943,-0.025774496439973354,0.08043856972431904,0.040453443464435766,-0.017432513693184798,0.03760078808362674,-0.07486558998483499,0.0398113780818321,-0.058561050903773684,-0.04711012834974141,0.0041399304535585674,0.02129011252167472,0.01909989571841816,-0.03503000576710757,0.05935025009218563,-0.02797148245689578,-0.031993260389314035,0.03576009687462084,-0.0005574260936432138,-0.018141645163068744
-1.1413944860029324e-18,-1.3070867646436728e-16,-1.0568170768597598e-16,4.3965894987567335e-18,4.4504144706070354e-18,1.0392767012006398e-16,1.0547118733938987e-15,-0.07795809522076229,-0.11852305635137753,-0.04564288992901959,-0.06830293939807627,-0.0634200948657464,-0.10560747142721913,0.06820740345228349,-0.021779123524561114,0.0247098298929211,0.008237999596809598,0.07988016210054827,-0.05963931887289213,0.08663874505697126,0.03768301901204796,0.02342205580877588,0.09048811535264735,0.04164591210702523,0.030810503948677695,-0.013179023377475759,-0.05125375072799022,-0.05453259957724507,0.036862512441634354,-0.028258166275479998
-1.6194320267688007e-17,-6.56548828777597e-17,-1.1607978318108258e-16,5.826516049372941e-17,-4.9905073802954587e-17,-1.699091367904167e-16,4.579669976578771e-16,0.10585565497418387,-0.13937230669691095,-0.2050745563130363,0.02733565056188417,-0.05783060021169891,-0.1347018370055923,0.07773391477450887,-0.05001749893932836,-0.07316091902913593,-0.028594518882468115,0.08385232511081839,0.06627104668836448,-0.0284927759230792,-0.05447112274725511,-0.08295842624478698,0.06623217589393315,0.01704809271243748,0.1812663993680333,-0.014279043441859405,-0.025071863536069428,0.12877923024787222,0.0022786152340220356,0.023699389442858453
-6.3783998096041194e-18,-7.081829376119337e-17,-4.473967825074584e-17,1.4862625655661462e-17,8.443444529561416e-18,-1.8358689096430333e-16,-9.020562075079397e-16,0.1372608593586509,0.12637189561911497,0.004371773438654065,0.06751607570407597,0.014832236638499773,-0.0675754686413903,0.03419244568790198,-0.10192533903687581,-0.16709422686477202,0.001321814024882487,-0.04642859946280488,-0.03858396786526286,-0.04217022536279638,0.08628945394650815,0.028901030940674578,0.020240826105221748,0.05559289463637841,-0.02702534288792536,0.011546048117201377,0.09180362775261816,-0.04062299001565744,0.03264274646107692,0.04256454806540787
-3.986298984102591e-18,-3.625029785005285e-17,-1.0476166660491086e-16,4.257700599682481e-17,-7.951666858761458e-17,-1.1840302391201062e-18,-5.863365348801608e-16,0.00691993640026931,0.15513777463989184,-0.11356870881679235,0.010668060138705887,0.0743049756662071,0.09750793409789801,-0.09744774122234258,0.07340757952990223,-0.09518856372902906,0.04225125122050184,-0.013292619690535634,0.05974698500889775,0.040314917232420255,-0.015843574754541408,0.02218844142578688,0.0648993343215614,0.002730129850349194,0.043895295275199975,0.08986137122273972,-0.10003197469211632,-0.049016894839696165,0.06101671154088736,-0.05258165219441134
-2.4329815625788444e-19,-1.9234741515447945e-17,-5.2970543478775417e-17,4.054207126406239e-17,-1.2026095740185074e-17,-9.892672737468774e-17,-6.522560269672795e-16,0.07597931932635359,0.11850045077822688,-0.021370061794944144,-0.020117602683116634,0.012348015744596985,0.014498696753566282,-0.03554561256706323,0.03882702930375094,0.011440269189099789,0.015983697865370627,-0.05988216111407513,-0.0942293859816716,0.013952598492649484,0.06528886936610581,0.06027037339410914,0.004393073325272068,2.3321046829570524e-05,0.0005120869022858701,-0.006084620066474256,0.002779275979437109,0.039386966768201886,-0.010100890343803912,0.00992293772796659
4.424034213244501e-18,6.336816436231043e-17,3.7110380878736105e-17,-5.249264822514107e-17,-6.454821818868289e-17,1.3391243902840188e-16,2.636779683484747e-16,-0.062262938030701646,-0.03025345823598129,0.006919824830963921,0.04220275350695682,0.016132536951777195,0.04151776284534408,0.06758018109181242,0.09396149497130331,0.013372934815734247,0.062426470626483085,0.01207255330301372,-0.004563078482466459,0.002423093068790479,-0.010757110260784672,-0.05180918543766025,0.01662432134533018,-0.010387350780294567,0.02551175900279374,0.032517019865973384,0.05695866245627182,-0.01540419238681129,0.009169281270403569,0.03976521052691275
2.5522217464079303e-18,2.9351386586004125e-17,1.6745187096906574e-17,-2.6391122320195104e-17,-1.1874108088762778e-16,9.474111321423613e-17,-1.8735013540549517e-16,-0.06072871675117579,0.14099120356181577,-0.04084930599745428,0.037131327279768055,-0.04744888671588416,0.02275956747544082,0.016382622933712544,0.08407744207693396,0.02691002737954323,-0.014381373869519702,0.023095140471042858,0.040069971056812224,0.004815194412945366,-0.0013405615922309315,0.017889478800777386,0.010070840143968538,0.025881137037854638,0.07513583235180935,-0.0017272541569647013,-0.030171250191872816,-0.0711927789523647,0.03133269920422469,-0.012641184545782266
-7.487858499908541e-18,2.610838387593813e-16,8.036906408527533e-17,-8.046195053168663e-19,5.129907019618455e-17,-6.570552697374577e-17,-2.914335439641036e-16,0.04982081980988915,-0.02826168291310602,0.06421486577671255,0.02110650529461113,0.021068654480193547,0.003261615928485763,-0.019328879982895775,-0.0045365645192404075,-0.024786092541777664,0.00812528806575533,0.018634088505536092,0.013787933887685996,0.020825471724252583,-0.0003616125160495989,0.016870777570976714,0.025582851594556335,0.007455857781886827,-0.023535164746844573,0.006523913162285243,-0.002049733769673852,0.014453265505884156,0.009108799824198975,-0.019717484306815792
-1.067192901303308e-17,-6.125988990029554e-17,-6.690064581047833e-17,3.404989324781192e-17,-1.656021782353354e-17,-2.069105193401076e-16,-4.2327252813834093e-16,0.14224274754553567,0.04703907621241612,-0.09579551550010525,0.06681313887348411,-0.004476973475012359,-0.10121445055046747,0.07174568712432809,-0.08032555110054586,-0.11360059165376599,-0.02546057719010219,-0.0077147351807497575,-0.02366640445230856,-0.05283604142769804,0.042138408595006935,-0.02013292619682757,0.03323818931873213,0.05371225287176046,0.028781478463300463,0.0057280626942743315,0.08747758739498075,0.01997229044786265,0.04425929833086948,0.04211267460943195
-1.583052524980026e-18,9.282056945562754e-17,8.64379586868942e-17,2.386824001098157e-17,-6.173530402676508e-17,1.90003284743938e-17,3.625572064791527e-16,-0.07092875351417074,0.10128410126387283,-0.08851010873526138,-0.007899778783746925,-0.0563298315045609,-0.12438949779934629,0.12944568189321032,0.07639921149236546,-0.042458018755038025,-0.07103345085165792,-0.07402782587107004,0.025230982020629098,0.022285138426506486,-0.08835985705213953,0.040019198878823665,-0.07462534161616047,0.08566333256417605,-0.030364723557966947,0.053113425867187446,-0.05875102564052195,-0.00658159762594442,-0.051208244672487864,0.04109856695662555
2.9859059231959694e-18,3.0104875081947434e-17,1.2861409955659604e-16,1.171712546839846e-17,5.423443557061026e-17,-3.048209504595551e-17,-6.938893903907228e-18,0.024576280043745364,-0.04929605417609352,0.02596699064722031,-0.02119615718366469,0.031365943514620576,-0.0038050915995181487,-0.021890696535755722,-0.0003168706683487956,0.014161182513846822,0.01587955054049207,-0.03076175280496758,0.004088285739494549,0.005520125755588962,0.008551569659688757,0.01092275883048647,-0.007603157903867605,0.0028989226058264935,0.007965092472555559,0.023310929577602005,-0.007045055466130619,0.019944548795755447,-0.020099205329471417,-0.015442414122881033
-6.6391904485606916e-18,-1.4579305958684875e-17,-1.3800499438346206e-17,3.0660719709812365e-17,-1.204436039670921e-16,-3.38574146914987e-17,-7.563394355258879e-16,0.06573330818053587,0.10997531850333245,0.026271817555653883,0.03140659236420893,0.08476121288296821,-0.08977242214215621,-0.062366461099757776,-0.03850602088613376,-0.09055640530237975,-0.03239335741083892,-0.010368838359629495,-0.026217073597419465,-0.05497992844378111,0.00321532535759162,-0.00888450805084481,0.06441766627584054,0.0858334456166287,-0.010039508282095572,0.017733782631042312,-0.07953965166436162,-0.012084196762245774,-0.0378486946505526,-0.021832392613688714
1.9414494682099132e-18,-1.3816431471612184e-16,-6.294536678763944e-17,-5.59013377353893e-17,-4.763223220236011e-18,-3.444989556096548e-17,2.498001805406602e-16,-0.009873089020342927,-0.14130095735054826,0.05754102125188949,-0.11843139472718087,-0.049114184096529734,0.05601426059523189,-0.03623368838800233,0.022593884473586966,-0.06554863930868511,-0.012204411263737922,0.0009395741077394611,0.015881687340769158,0.06692394536224106,-0.062196644670785776,0.010805189089949981,-0.011410845276492896,-0.044308160541683954,-0.0028918112093687864,0.06111430623463554,0.04203798259719648,0.024106514364651777,0.001487384952555021,0.044733224444972575
6.181793811322199e-19,-3.417990891962834e-17,-4.6951763057919546e-17,6.39165473655719e-17,7.39426549360181e-18,-2.0616672985616201e-16,-5.967448757360216e-16,0.1434778108576943,0.04521333464608523,-0.04556699274953003,-0.04469309074154927,-0.02728444967080283,0.031949662065574626,-0.03152196014340335,-0.008444755914543564,0.06384978103773231,-0.025382581423507043,0.015771588451046946,-0.028224658097767315,0.010527145607156676,0.02078118345611392,0.006851023532017874,0.019203255320710776,-0.03883395351353618,-0.043978073664028824,0.006407723519200693,0.013150914175500815,0.005262336164903467,-0.0012952486037011255,-0.025485083161313333
3.0979286777228607e-18,9.280052224436125e-17,1.1002967684264326e-16,-1.7648599940155098e-18,-2.5779001367985803e-16,2.6056308523442114e-16,7.632783294297951e-17,-0.11523555954349299,0.14146031410200596,0.04081708657026807,0.03551852314220506,0.050676175053646626,-0.023415562671118866,0.007711597771502504,-0.05188150445006595,0.16763436773086993,0.011895229683898662,-0.0890099432865999,0.0005781048902878627,0.04046250622611739,-0.018835669752106723,-0.019403201571741743,0.14889385324382043,0.05303520071859137,-0.014477807951141456,0.07889527280402188,-0.07461677376287822,0.13388176286872633,-0.07558120794535628,0.08277698684275087
-7.017446576477314e-18,-7.321673954124387e-17,-6.675284929107153e-17,-1.4122523772340646e-18,-1.885206973217244e-17,3.5139498553778277e-17,3.3306690738754696e-16,-0.01823559347397739,-0.12316911490560883,-0.07304293773784074,0.058086385199899775,-0.05030600176111947,0.01917386555137509,-0.10756493731408694,0.05739096212065135,-0.02965308716994805,0.07126617356760917,-0.042400365693846226,0.015340526455800772,0.03187628888309668,0.011937414641665756,-0.011105531695610368,-0.00022872246837192165,0.04849135300229926,0.06161623310195463,0.035304337413597675,-0.03710727131180081,-0.05956466015870245,-0.07058343302806609,-0.0022079529147094913
-6.472767034238865e-19,6.894214709396288e-17,4.64509573362354e-17,1.0825793597533737e-17,-1.453270015940353e-16,1.3265300735515633e-16,3.122502256758253e-17,-0.07750367123354807,0.11322824144352488,-0.04993706704144047,-0.029694804545026935,-0.057192469903820105,-0.023750949476107477,-0.026366960197829966,0.03499775963210691,0.05949012991204121,-0.004669249423165363,-0.03472133331386263,-0.04996918448880387,0.015416106896741517,0.05720793461650881,-0.13028952669024657,0.0563056252975254,-0.04316119392322769,-0.08083459958995234,-0.041548471987369655,-0.05680466468600658,0.04971599933161276,-0.01179627128232055,0.019490503606758802
2.4286287467727894e-18,-2.8557932186031866e-18,1.5295591133692652e-18,-6.537703588936874e-19,-2.5981632910695736e-17,3.51791147454372e-17,-4.163336342344337e-16,-0.013789160137457544,0.17323470490875847,0.04821844401952073,0.024807831715799315,-0.020901876595453287,-0.04845040725090428,0.03110238726726441,0.026930639639002968,0.026826564492450293,-0.03370740985512001,-0.02206133445486607,-0.0838017732071144,0.03478054005022845,0.06575422548165025,0.014786320756120805,-0.008456470925385744,-0.033746465387309306,0.018416937773944066,0.011634601116691961,-0.004353807782911081,0.027570145635281512,-0.014168232638252124,0.03271017135429982
-5.234823106219068e-18,-7.495230233568891e-17,-9.739341591635376e-17,5.553695053565025e-17,-2.90751920184449e-17,-1.1744306782351282e-16,-3.469446951953614e-16,0.10528161384396369,0.04119708524131944,-0.17643589378857222,-0.011892403816201123,0.038199924748194,0.0379691461032244,-0.027089172420578296,0.0331091540207843,0.028764681372875564,-0.01018002098594407,0.03477394207197188,0.007850507399953332,-0.02387319181177314,-0.07672073634576829,0.008146218617651994,0.07828140298986884,0.025694245592974715,0.06910109762444992,0.02831461770915017,-0.00195419068709635,0.008426445139498574,-0.027799749349221355,-0.06932896705574457
-3.030829037458613e-19,-2.4490199842678058e-17,-5.925736619727399e-17,1.8297508568710478e-17,2.5692971222451004e-18,6.463132076624657e-17,2.636779683484747e-16,-0.02790106347709714,0.007126624681624295,-0.04038998638348821,-0.039594261889459095,0.010727577312904774,0.05006017183162604,0.0722492416203717,0.0010840669366975215,-0.0434722980836849,0.11784787718791362,0.13393258769527297,0.08339701893470003,0.026412889678793718,-0.016589059359826776,-0.08875537659808103,-0.07390880425320902,-0.03637038491301232,0.0010459413433763832,-0.003972419299280247,0.026772362718607882,0.03152959908793012,0.026840758211001174,0.05404203164069326
-8.668333313562222e-18,2.6412373594316137e-16,1.0667076098936934e-16,2.9461793032599948e-18,3.091468060143182e-17,-4.363050053156389e-17,-1.3877787807814457e-16,0.020013445389279627,-0.010358957157644299,0.031176981211770385,0.011197567457248245,-0.015647610746120453,-0.009299569993959509,-0.03965641732619281,-0.017255596776713032,-0.012427164515159446,-0.02937362732000627,0.017981651996572055,0.008413184725523992,-0.024813317171735683,-0.0025957947514013207,0.0007968760939079285,0.026700004544102342,-0.0006891240741957732,-0.013207497368410051,0.018597064422549162,0.008515879024895348,0.017683309875712858,0.027810266212054898,0.004774251976292164
2.5720375841258703e-18,-7.398283528225397e-17,-3.028677974163579e-17,-6.45169174873756e-18,4.5763961760732393e-17,-3.52917560308394e-17,-4.614364446098307e-16,0.04426721385851602,0.0627624376841606,0.056036685218315535,0.024202782725726787,0.05840196719163158,0.010855125785581959,0.004540845537703879,-0.05476622165041831,-0.0739551815601828,0.009181572460387269,0.023584482086840695,0.03810769020560847,-0.009820947181411915,0.025950833526998927,0.0355432684490965,0.03873192837303736,-0.0002278881319057447,0.04105229940670119,-0.050671894041868476,0.11090865041048503,0.0008488228989658532,-0.01649059341925727,-0.039805956944144426
1.2476869457291875e-18,-7.691046330574918e-17,-1.1516903953180213e-16,1.764329804738863e-17,-2.0616342072282103e-17,-5.2456714059032975e-18,-2.3592239273284576e-16,0.01361273353918489,0.056263984909925395,-0.04700763224217072,0.06331719586573223,0.07510332407055488,-0.025567283590789483,-0.0664652010358482,-0.04672574976092954,0.04672079482854371,-0.06697836318613468,0.0577879530935428,-0.008970807583875836,-0.07681793097057227,-0.018158255528240512,0.00731545578043632,0.019914260693364248,-0.03722131271703968,-0.0634119286194902,-0.09553033943465826,0.024521894436838762,0.0645256184858738,0.0826740069204577,-0.022541765401407485
-8.33047417463816e-18,-2.666452609704967e-17,-5.949886130639088e-17,5.3359603213862787e-17,9.886239904226984e-18,-1.454195862016771e-17,1.3877787807814457e-17,-0.013766011902005361,0.1012426109176704,-0.08144021997478612,-0.009574975080411531,-0.02389372578189036,0.009192693380226998,0.06256989897051815,0.004333855721334042,-0.10386733814542394,0.043785320435808385,0.1575859847345826,0.1539389959130964,0.0435400378521448,-0.0029219629599811256,-0.06478919316544118,-0.02769255692644429,-0.10778368282444295,0.007683632040748308,0.04205360769251218,-0.006137804794202331,-0.013916140915337188,0.010765448920694637,0.05732535974414651
-7.594022330360582e-19,5.172197851004502e-17,-1.5404295454003394e-16,-9.495388240176076e-18,3.146893273217101e-17,-4.5970685218486175e-17,-9.71445146547012e-17,0.026902604235816974,0.005356317939356672,0.0016837097867297341,-0.0058445088301292076,-0.01812980504632078,-0.02100930447931483,-0.0018852407273771655,0.006435824366137425,0.01916354016005014,-0.002605368400779287,-0.013722689609867137,-0.028613476135095007,0.009410867898762405,0.012766643486814744,0.028142937120856634,0.031045191684372395,-0.022154444583204484,-0.00276282734947976,-0.0027766488303772397,-0.06660933226090185,0.033755873533022764,-0.06122645677312413,-0.01731310454517438
-2.123977125605538e-18,-5.065099970737838e-17,-8.371336030994247e-17,6.750807969777703e-17,-1.0763398434776442e-17,-1.25884887338365e-16,-3.5041414214731503e-16,0.1086303678118993,0.03658660308232445,-0.03458829111214052,0.06628292036102035,0.11314410479885972,-0.0401465088627306,0.05688452580374918,-0.044591345568911686,0.014562916449835546,-0.09692568010235501,0.027138673500684468,-0.08556312758733019,-0.13518416496500713,-0.0064414250343915475,-0.04471094923505239,0.040243809765548914,0.03922635485180493,-0.060370239863988616,0.03723366388103735,-0.004649442433197282,0.02812140425572624,-0.047595092251233484,-0.06407274105654587
2.0637893866375775e-19,-1.158205759272867e-17,-4.095723241590185e-17,3.498904643042856e-17,-3.0784539175738044e-17,5.4534826432730725e-17,-6.938893903907228e-18,-0.008204851316614425,0.10607771527177356,-0.10440458656551613,-0.06667507607887617,0.04405876960439674,0.11150932563685415,0.10297548879827187,-0.04300605351255123,-0.04842798821555827,0.17076931639405699,0.12467853422293095,0.08519805305608628,0.04252847604947244,-0.025324579620371674,-0.09185478473311318,-0.15429800132865765,-0.031355887004331326,-0.0004907134972950565,0.08047885324053196,0.03117717270195155,0.07369370536482132,0.05581668032628068,0.042943919120639294
6.431719245880521e-19,-3.725165712703987e-18,1.1028007610312894e-16,4.411185861323427e-17,3.0650219924373926e-17,1.9485179860320226e-17,-9.020562075079397e-17,0.011398103417481702,-0.0026125908486095482,0.02955757805292736,0.005186507116216606,0.020844686411026492,0.016227512316008344,-0.008161822409202936,-0.0010137092588273597,0.004914530851124987,0.0595076223615405,0.022031768178569285,0.008977980329507628,-0.0177228096185528,0.017374993513293344,-0.02592404229855474,0.018749676421248127,-0.0677981988650084,-0.008654718384628746,-0.035438477105715814,-0.05072778179713847,0.03489412000260802,0.0036799474415685402,-0.0006945946314699086
2.049683257681515e-18,-6.259705048711097e-17,-5.528278826506471e-17,-2.8130563650456894e-17,-8.775973851878056e-17,-3.429687573834715e-17,3.885780586188048e-16,-0.01010605110343572,-0.1478173934841558,0.008628407459707029,-0.1149411822321954,-0.06809539364136219,-0.038040353864738176,-0.06047319392695637,0.017673097638559603,-0.05265276018909492,0.010195850533709977,-0.061141442716564284,-0.005284286227080686,0.00434033028047374,-0.04532414708719955,0.03539164546463831,-0.012881761046714329,-0.022818277571727046,0.005840571760168299,0.04198304621608994,-0.03362366147718891,0.014776199050851745,0.006353881256532564,0.01872975358702311
5.656931403257164e-18,3.063305548441696e-17,1.849114897451729e-16,9.84120402423586e-18,7.498777813122472e-17,6.737369935183114e-18,-3.41740524767431e-16,0.01717469580782198,0.022850559789316827,0.06914960010161403,-0.020661653938605383,-0.002680323371722209,-0.03610290543050045,-0.0518983068365068,-0.039425315982492375,0.00801812633664016,0.03690741564168992,0.037506522844212575,-0.055559969468623856,-0.0018596819388853477,0.028647083948949756,-0.010998789580402405,0.019881007757414308,0.015560119624314932,0.03087519076563851,0.0021297849322531774,0.02894618021931586,0.005371885214720165,0.039321149235317786,0.02010590808006942
-3.5824128058867444e-19,-8.171198185655433e-17,-9.403035715111852e-17,-2.9153115698215323e-17,4.212274559939542e-17,1.6374986496785912e-16,8.014422459012849e-16,-0.1687182194031145,-0.004042629101431509,-0.02428185005262752,0.10536741260549796,-0.11727897694142383,0.043724161637288664,-0.018941880109760546,-0.02088284025022816,0.03766493700423117,-0.001928013306882596,0.014647765746014452,0.057007880790733524,-0.015209322922830311,0.0925620339825737,0.17007997656614177,0.042981771017983846,-0.060742897608594415,-0.06022460026443987,0.03967265769241075,0.017783077036455402,0.06358184637709381,0.021608202630618287,-0.06080084457631759
-6.378982453178494e-18,-1.09263813972487e-16,2.4162459946151142e-17,-1.0404700155885202e-16,-9.358714651088136e-17,3.558419419084211e-16,9.471590178833367e-16,-0.2239805110513661,-0.0023335738189194915,-0.06624020648449293,0.10081464801501165,0.092406857330999,-0.002257129927069214,-0.019373701247533428,0.2992127417491912,-0.029085313559990836,-0.24115910889104356,0.17632330739671756,-0.2029037132397732,0.1322202980930291,0.09751958206994067,-0.18309991138050466,0.008455670668916932,-0.06240413819142807,0.09625084195443559,0.09443030049948467,0.31329456064871364,0.011348271391370665,0.014889492602643191,-0.16264453333642892
8.99213061075436e-19,-5.049336145859026e-17,-2.774227074854316e-17,-6.439145274167614e-17,3.126714463698662e-17,1.6129590853543666e-16,2.220446049250313e-16,-0.10787538073344892,0.023631488866567883,0.0804994598934829,0.036425802063066316,0.06056466282443095,0.053378045664922553,-0.00697451170217303,0.03210673459366151,0.005120533843572913,-0.042450686692775866,-0.04144548537242363,0.09582696186885162,0.05619305368425186,-0.015715695720973633,-0.03924426342950556,-0.004998768785022055,0.013390516520217456,0.0852582758080178,-0.018813967000144,0.010414745474703793,-0.026600864750434515,-0.008827965127453983,-0.005284846673251033
-1.1472600337069783e-17,6.278669467874237e-17,-2.648654071370022e-17,1.2446713841065364e-16,-1.5047000732810228e-16,6.838338297442096e-17,9.367506770274758e-17,-0.0723453815363715,0.16070012658839328,-0.12631635990970969,-0.018402732815369388,0.04508114176915172,0.03444794797592429,0.07074291115088577,-0.11358871164496656,-0.07668067791717793,0.053583329641057185,0.10848442420840519,0.07042257582676092,0.02838634601711542,-0.035348600902709644,0.12434074625786966,0.02336700029073289,-0.02402885617799701,-0.10390981265099375,-0.11774632679442137,-0.15050503601588094,0.015409379098175847,0.04300493584297706,0.04845149233461737
-3.651704217080991e-18,-2.0034096331266057e-17,-5.934977872835162e-17,2.276038241383875e-18,4.4189434293121896e-17,-2.0586556196942063e-17,6.938893903907228e-17,0.011391891949478835,0.015762174749675686,0.042213361516954206,-0.03536910071794481,0.02261132536332019,-0.05479248965881335,0.05664814466126769,0.023821221149708947,0.06863216212110504,-0.0440638085830804,-0.0378883971375975,-0.016348063543887778,0.031507195703731845,0.031344857909726596,-0.03229644347384951,0.014305510543719875,-0.045093906843713484,-0.047558200015729496,0.017336254386089715,-0.007235429974554048,0.02796569989405787,-0.046842119072117994,-0.00933273936120902
6.0295783363785e-19,-1.3355901384311098e-17,-1.2317588000166388e-17,4.1236124503623124e-17,4.038195537793939e-17,-2.030379402585698e-16,-4.163336342344337e-16,0.1531431220185123,-0.022023585614023327,-0.04728868591146575,-0.0784553870984564,-0.07837434858969325,0.016323156136829314,0.035230943150151774,0.07486815274066395,0.1023900037814571,0.016641262589637384,0.013507367404864612,0.006404613096942301,-0.02869841191880869,0.01901342320249399,0.026360182031890167,0.017690366975359646,0.02329348572061411,-0.02803277807108891,-0.03076578218039962,0.052052617615951376,0.015342549545963362,-0.012364788742759964,-0.009620779714820803
-1.3680799235618847e-17,1.4257253741646092e-16,-2.364916341086512e-17,-1.2350897338419665e-17,9.567328453166788e-17,-8.68707068592022e-17,-1.3877787807814457e-17,0.05967894413992721,-0.11003510963515807,0.026415199451079598,0.06846615278081948,-0.046846759841510884,-0.08394360745959754,-0.08329113570426029,0.037952972389513694,-0.018285921046117086,0.0872195153729551,0.011631334151271674,0.009059946474594698,0.023100970231196893,-0.02655534006532605,0.037109532452107304,-0.023112273872492907,-0.0040807317705600496,0.01158101622438344,0.0536753424260895,0.04495019996494747,-0.01696142267002488,-0.020874246678906253,0.008583091626528268
-5.114153732019666e-18,-7.316247646032674e-17,-2.8228270753711763e-18,4.137727708149785e-17,-5.683782716282884e-17,-1.5253262814370777e-16,-5.377642775528102e-16,0.06416631126677196,0.02199390455289489,0.04716692073658575,-0.020689740783415962,-0.029003859471959104,0.05884229008464287,-0.030952048460376053,0.10438640887175514,0.03160257312894294,-0.1347718131327041,0.061485882165997464,-0.00981959854752389,-0.017651035127164844,-0.02006258873908679,-0.04110660806136112,-0.057821121394745,-0.07156223678745273,-0.05732277705180357,-0.02598304945267875,-0.04051813761664941,-0.026483009949430085,0.009340744492020658,0.049010812235876895
-4.461284127299059e-18,-1.0332581075417203e-16,-9.579367618380698e-17,-2.6668391613224438e-17,-5.119992395833566e-17,9.413242575680115e-17,2.255140518769849e-16,-0.0747706034672678,-0.010972838088193387,-0.01512959230848687,0.12175494134208426,-0.015614278915449331,0.003325457844401666,-0.1647531996838327,0.02822351469810322,0.05569270591775478,-0.004582384552979049,-0.1262048371634464,0.03675832642897934,-0.07275564025089314,0.15126081768688343,-0.01183854961253328,-0.05081623089754763,0.047106472376833096,0.024694811348699615,0.08339976358872411,-0.03745876293107096,0.020094265213304947,0.10295151367116723,0.013286284023601075
7.990221193432784e-18,-9.612697345536054e-17,-1.5645948013103936e-16,2.4836480560420887e-17,1.6545798821316585e-17,3.7631177813956846e-17,7.216449660063518e-16,-0.03593707790558985,-0.036642104864543036,-0.0679790979275221,-0.006793626243028107,0.009281051824084138,-0.06604852892424272,0.04176800716474163,-0.0704129739378511,0.047637585130003095,-0.02662827517241622,0.038430288058730035,0.017987777610725075,0.1062847133735443,0.04729894933257982,-0.011152695938120644,0.009194043442068877,0.003938774539964993,0.030809891615896454,0.023749566074687554,-0.026759677114564027,-0.04527664141165993,0.045673309768472156,0.004106800436768393
2.9633700903041168e-18,1.5521700070333088e-17,1.3581261354342346e-16,3.5886319548099575e-17,7.780873604398947e-18,-4.7956992723892376e-17,5.204170427930421e-17,0.0220881346166253,-0.05119628314070257,0.016805897885501547,-0.0026661793185419774,0.04846579407137735,-0.014724792964029523,-0.009998392705047543,-0.017599385624539603,-0.006323387745776578,0.006285605878967542,0.0017098182952356151,0.004761192496408088,-0.005170565640443494,-0.003276317785629008,0.0363879266843408,0.024533622155928768,-0.03383253157225888,-0.026840332626476854,-0.007534467538457924,-0.05782268331558781,0.009555640135446313,-0.015148008289284006,0.016071396971141103
-7.204671333036197e-20,-1.0364474937052834e-17,-2.784527408941017e-17,6.231092987287793e-19,8.05557645542798e-17,-3.528500459951714e-17,-8.326672684688674e-17,0.007824831079780064,0.04006037563198393,0.04205890995572473,-0.04780691239980755,0.0432795450057223,-0.03518645274555406,0.08790087362434874,0.002002795929885248,-0.03908506712487142,-0.020970117960581153,-0.062307950767360024,-0.0549062388967806,0.005779040765317478,-0.01601882513349811,0.0281922784124106,-0.08611782854836168,-0.03177314076365265,-0.006063547800070862,0.02236132099091138,-0.04199512311829574,0.018308213508506928,-0.03987000144076953,0.03208343560693961
9.378771490982176e-18,-6.971305683334666e-17,4.540908642251467e-17,-5.894685421609972e-17,3.589841007292474e-17,5.466995253709516e-17,2.0122792321330962e-16,-0.05043547079269333,-0.05786708750311363,0.055968428309326176,-0.007927649459329493,-0.05439448219175987,0.06642915796057886,-0.023091652147687,0.004013995067130439,-0.05580529010059305,0.013666015319040384,-0.030973751590767037,0.0049773351979619735,0.002521151724484985,0.007184125663181039,-0.009192675743076504,0.011307870075929271,0.014317148955046556,-0.008619165493695012,0.00903851750166578,0.06947695577993905,0.02132893430141331,0.017612921011684757,0.05030845913757652
-9.312789711950846e-19,-7.870855017723086e-18,-8.989660102008611e-17,2.1263899672733784e-17,-9.515675004473436e-17,-5.5064615334285364e-17,-3.3306690738754696e-16,0.08623095566733723,0.05625842241834613,-0.10336718788434052,0.01457203250497158,0.15891618148476636,-0.1456114586830654,-0.03327593380514039,-0.056832712377237485,0.03273062786837281,-0.0718932588123913,0.019441096946308113,-0.052402096436846284,0.018661867043831843,-0.09131514497253117,-0.08578613334988563,0.10990613693235078,0.018724048242692144,0.027355557481882262,-0.05171412871199269,0.017444723802541473,0.13198935907671014,0.04316936440692174,-0.02306573670043879
-5.4655557361330425e-18,-4.129959521563943e-17,-8.076434923575275e-17,1.8822363240873754e-17,4.674836455068802e-17,-2.3574691701672794e-17,-3.0531133177191805e-16,0.028238278154834963,0.029657205765262474,-0.0032396587921150366,-0.00831968674792357,0.006274036279349058,0.05700820987831249,-0.023740737602487412,-0.02175692791706366,0.011012540587847036,0.0012287868679716704,-0.020652925157162143,0.012778427385569504,0.04324788107219921,-0.008082005529339872,0.006834415229155891,0.004841340403648041,0.01855845929332428,0.010135187768702059,-0.019195456314416815,-0.0038977298631556836,-0.00507247074221738,-0.030439858048050772,0.008352098344593186
-2.832355636060844e-19,-7.412533229106484e-17,-8.301601337510622e-17,2.0620359877479355e-18,-9.690787916034375e-18,8.336836603266489e-18,1.496198998029996e-16,6.621185440373418e-05,-0.009643910316135314,-0.04595432198039389,-0.023560955252275303,0.01935681097895168,-0.01913832972046801,-0.01676576863751937,-0.04478891159222814,0.043630653470864644,-0.014548398262343177,0.05508495367213643,-0.015811517241697964,-0.05957210974855381,-0.03979119262376855,-0.027539430630629018,0.028972307151506334,-0.04043130766221869,-0.024982801962626925,0.0007840742409005497,0.01733363191667529,-0.05100236721630659,-0.008891315282934327,-0.08136455964462994
8.208672911940359e-19,1.6088307478455358e-17,6.012078404522359e-18,2.4609866810435858e-17,-1.1018721895870744e-17,3.049876756685684e-17,1.214306433183765e-17,-0.01698800241005476,0.04704659685913216,-0.14467326978480277,-0.09401212367642184,-0.046270030879535025,0.09900471352084053,-0.049213605616724276,0.14290603413508057,0.04929830713413953,0.03048089328628299,-0.06690094735021315,-0.07889307748449596,0.06587881058457076,0.005553173662773153,0.057829016134970546,-0.005318433233871153,0.048883256977091935,0.008122176329553915,-0.010984554114258695,0.036368396439136565,0.022396417323793546,2.7243533312607692e-05,0.0037832392478012898
-5.390333993234034e-18,-3.410654034518447e-17,-1.442754303277972e-17,3.06328823879717e-17,-1.0984846753560349e-16,-1.1134520857055283e-16,-6.95298853214954e-16,0.0679645346951703,0.10867851386626066,0.02839639893742962,0.05569513306757584,0.04210336903093691,-0.07748666872113025,-0.047530730515947146,-0.035834401210618996,-0.11372438675458629,-0.034687518387882026,0.07230091293735573,-0.02650308831192215,-0.056073037902585776,-0.020884855359349905,0.008026369314050671,0.05864548358033293,0.04395104476222617,-0.006645718274234551,0.040190432747176624,-0.08728334001146446,-0.05383604782101931,-0.03305237375975284,-0.031592839442390636
-3.232834146416682e-18,-3.140982922658487e-17,8.543493952565026e-17,1.7988630052798976e-17,-2.874180448088149e-16,2.9898527099213366e-16,9.71445146547012e-16,-0.13863056673170568,-0.04955378762901117,0.003362647058091884,0.11043213800944907,0.20078780585148995,0.03650950449472549,-0.04249522269863887,-0.08446017711768822,0.26036595135532664,-0.06460509760468115,0.009588011634942314,-0.12727841536218015,-0.03690004206019209,-0.18166916111492967,0.07318494094003301,-0.02285722173783596,0.1318975699798136,-0.015488072039662057,0.06689105665821807,0.06640886456300588,-0.11515391553414177,0.055929319568771806,0.0371074951205498
4.889323814181721e-18,1.213828893205383e-16,5.941905472541746e-17,2.6616864044361765e-18,1.3290513420453963e-18,-1.9841946067437566e-17,-2.498001805406602e-16,0.004810323505886873,0.03958932638175869,0.03291706081226405,0.0057114974815528664,-0.038980074163267084,0.03598511269978635,0.0007845084489181432,-0.037993886114014004,-0.07273173090377043,-0.0006888561702523405,0.059101804257548095,0.010705922725362504,0.05103125430734216,0.004891942938258583,0.00792227949221281,-0.003984092659726915,-0.05703557908414827,-0.0003950074772173622,-0.0009572365963054255,0.02872259167914109,-0.07597069619910378,-0.027823547432884066,-0.028120099936942602
-2.8079530023500692e-18,8.67846311929368e-17,4.3526177213863855e-17,-2.271176452699401e-17,-1.4918023012866008e-16,6.11852344412237e-17,6.487865800153259e-16,-0.04860182779894816,-0.13506742916252895,-0.059069045971129476,0.013227604556696653,0.23281772932175296,0.08415593102065574,0.07474550703130078,0.03374285205108258,-0.00149492600418081,-0.07426576792456634,-0.04507143817759611,-0.024141788468582184,-0.08196016911336464,0.04568657174810234,0.07310166858061892,-0.09129729183965839,-0.041182976251009334,0.04837959282260003,0.03384836341157191,-0.037747233521737034,0.06888691839240868,-0.015206067700120816,0.04517967015279229
-3.75228095878744e-19,4.7488139516701825e-17,-1.2960391839979031e-17,1.7077460277766405e-17,-6.378688407408574e-17,-4.700956500749752e-17,3.3306690738754696e-16,0.06385608031007597,-0.09522304197304865,-0.09899731849201689,0.011259391179901147,0.10578153877918563,-0.011946479404500658,0.10195411749783925,-0.04177060231767076,0.038038882651138584,-0.003268054955072923,0.0007352841456730193,0.010272793776301295,0.02163687529576117,0.033707825762847775,0.009909920831719052,0.011758882400044668,0.009909306733180115,-0.03299119891873724,0.010841128179763055,0.04628250667569528,-0.022645863482734886,0.0004035950337514741,-0.0037963182775287755
-2.2379610006273175e-18,8.996484946195843e-18,3.937432416808308e-17,8.98160334022642e-17,-1.2378234074820541e-16,4.250866431188345e-17,2.2898349882893854e-16,-0.034842133153690884,0.02806587276036063,-0.06950126978995144,-0.024052652237709117,-0.00018344775218651156,-0.005771305324369876,0.06941368531705572,-0.03227048067083189,-0.031460147282453076,0.0103317492632284,0.03443938109219097,0.07590289457400505,-0.05960094322852168,0.003383711851901136,0.0896643230853193,0.11185233710092633,-0.0107219835555533,0.011086262651589013,-0.15360204279466877,-0.18699336694331117,-0.010684235360916845,0.010605140304890457,0.01320073462474942
2.871509264947619e-18,-1.2424061595222851e-17,-1.6568142003571708e-17,4.3942798482741056e-17,-2.811481049686991e-17,-1.2219755452800346e-16,-4.614364446098307e-16,0.06223748282138961,0.05083198456889933,0.02286654446127139,0.04543422233156143,0.04899998595879182,-0.05723887171065583,-0.036232927661295065,-0.06961417331276819,-0.1052941490932126,-0.06954038588519112,0.06324137062272193,0.013596503255218237,-0.040217337737492705,0.01582534342600116,0.0290111401539059,0.006861862183851754,0.03500570517065558,-0.03730728708665284,0.03800304150332132,-0.063508061935297,-0.023887992927791916,-0.04702970456647518,-0.05293553218512543
8.081424826055164e-18,-7.232287066177933e-17,-1.2256551256890338e-16,1.94803865170946e-17,-1.306766025192995e-16,-2.2692633787620776e-17,8.881784197001252e-16,0.016786649300419294,-0.19089695281358046,-0.24302860509544713,0.010231563308758277,-0.10960874364296865,-0.21772636846732263,-0.00029293857647726053,-0.0023640639480805117,0.02625929514984029,0.006533285343986438,0.004744616398603773,0.046987840381540545,-0.01989991312836296,-0.023726621188837345,-0.08352493852070875,0.06254595039212621,0.029382194591358553,0.12891014885434618,0.020956852888666843,-0.05916926953357682,0.08283601487884824,-0.06523254915710736,-0.010965192925527762
-3.737333596863478e-19,3.674080345810452e-17,-8.359208424061974e-18,1.70599134635878e-17,4.4323809079225355e-18,-7.580798300978599e-17,-3.469446951953614e-17,0.05012451493692429,-0.030180002263754425,-0.023908334649569103,0.001989043651606636,0.034618115557460014,-0.046480787061904755,0.008588364211550245,-0.014155268282449365,-0.034779587110360374,-0.026577950586446967,0.045779497021963274,0.02361296676240448,-0.038346918167638785,0.0017551132274924999,-0.00992723982882755,0.020429963245679323,0.021276434738798148,0.0013284091853724013,0.01722782202889653,-0.010184487199124204,-0.00352397597741651,-0.001688213866185622,-0.00102597745925556
-3.781904610149715e-18,-7.81952120563308e-17,-8.074513625959315e-17,-2.3358243213163808e-17,-1.5650735481633512e-17,5.823265103680374e-17,9.71445146547012e-17,-0.017953644884274637,-0.05214895022918977,0.04405770840698251,0.0729630496719299,0.027902733786093308,-0.08420007234316233,-0.08242534502778791,0.11364066658147158,0.016971777516408732,0.1624817614632896,0.05257300372666062,-0.006059420200944392,0.0069539470682906035,-0.0943081995095003,0.0467885582085548,-0.04124236079264403,-0.01595574796016583,-0.017908571797063132,-0.008522293673641775,-0.001375642132606242,-0.01901231640536211,-0.009349282466305384,-0.006665680153342304
1.4595905420864927e-18,-3.489883568486783e-17,-1.0165346835943859e-17,-3.026329226930989e-17,-1.2469278688292376e-16,1.4169544122330608e-16,1.8041124150158794e-16,-0.10513762201712741,0.07900401060063385,-0.033264029342887004,0.11465682381736914,-0.045465516594792615,0.023316648061613914,-0.019677372203428873,-0.01861756257245382,0.0033192273123901677,-0.032531265567719785,-0.024128816464593417,-0.0018216801710625472,0.0070894863404130865,-0.005719766105166137,0.0005570952148261801,-0.01802055896861056,-0.024543957180900033,0.006726344851304258,0.06466177424368033,-0.033223889679825015,-0.043253215896518926,0.06368447244861627,-0.02519864155404454
4.5030409295367575e-18,-4.5232112643256585e-17,2.7551436213361327e-17,3.250430076443998e-17,5.862302991406444e-17,-1.1915851909609127e-16,-4.2891037943526555e-16,0.06769442728000585,0.07179711499476042,-0.05165947016011255,-0.01110532656832683,-0.022532770425095078,0.0782111968518769,-0.0007437709259668157,-0.01123039051128123,-0.011867078869354238,-0.04063021245054622,-0.004364605301104227,0.005987227502192416,-0.049396069161970306,0.06433290700300352,0.045665272276392395,-0.0005269963491803348,-0.005882760933955532,-0.06504797099781826,-0.006734325978251043,0.06024395048417899,0.005457858054240745,-0.0038682078256649845,0.003564619059146191
-5.7898829755099065e-18,1.0796368708358996e-16,-3.5326236290115776e-17,4.8563693619646246e-17,2.1012227507591672e-17,-4.4262944644872647e-17,-5.30825383648903e-16,0.06640518689724813,0.10655598932699921,-0.09472564782086204,-0.1268224361545334,0.18011353137259334,-0.02914045654803785,-0.07829727264118098,-0.1017412003095944,0.016938524447297317,-0.01494557846808882,-0.013805141385430668,-0.006008253566953932,0.08184117988586825,-0.0511550011798087,-0.06047189289367116,0.040139623440679395,-0.016657135588027654,-0.009789210061133985,-0.03257307411706741,0.008159767255435447,0.05288254427778633,0.0549644686110758,-0.03538072538133567
-3.1756748865516243e-18,-9.281422165723687e-18,-1.0079046969620752e-16,4.1843034217603053e-17,-2.9989582248712965e-18,7.816001402687819e-17,-7.91033905045424e-16,0.004479792733933445,0.16502990673648577,-0.15556915683460895,-0.07936656880201054,0.09771243834758728,0.13449810250673727,-0.12452081806947699,0.18139021901750815,-0.07237095959663283,0.08745202523649416,-0.04084074257133486,0.0092560500435528,0.03248089848267509,-0.01800401047006128,0.027968372484406288,0.08475718899302255,0.02975476903782669,0.08617519416194538,0.03256305649717191,-0.05296105637853926,-0.0554308913025782,0.049828932921658804,-0.01178033877462299
2.686250751062841e-18,-6.679114266954135e-17,5.483939489803384e-18,-5.766945852675334e-17,1.3483350260379171e-17,1.7428151716769142e-16,3.469446951953614e-16,-0.12146842790979498,0.04474605056399318,0.0374816587590354,0.07176870626688868,0.008075752721292502,0.02126060269722021,-0.049753727330179666,0.009292638809730885,0.04044417086761831,0.015751003820022803,-0.05424624175257013,0.08027880422698003,0.016865826808135333,0.07209806920935315,-0.07001722173870342,-0.08844933113037196,0.026277152631478964,0.005904122351307949,-0.0028850821645151465,0.013888699086737585,-0.07669095600398272,-0.009112493098190684,-0.02843281686997384
-1.9870970297899985e-18,-1.5442725708655933e-16,6.005872494881089e-16,-1.468141303106825e-17,6.315407846057664e-17,4.923594557626758e-17,-6.938893903907228e-17,-0.01807239807689006,0.007400466093836153,-0.015778586339926282,-0.013650215241139498,0.037440928324292105,-0.02599978993358827,-0.020380607171811657,-0.008851094473227256,0.013334108819775856,0.006751078944025249,0.006587467889267894,0.00035474255334095976,0.019492374659367602,-0.0017458552219916518,0.009056319900425498,0.004110034746199277,-0.0052097457889074125,0.0005967235542691203,0.0040779397976495055,-0.022901546217712808,0.004838172933123645,-0.00334564198218746,0.005926811064787137
5.075705981339902e-19,-2.529965223220885e-17,7.977191121060785e-18,3.2042026903643284e-17,-3.307632397096349e-17,-2.569877684108919e-17,-2.3592239273284576e-16,0.0005876214200596844,0.09964450088869456,-0.007738201065888493,-0.03321026259389358,-0.0577200031781213,0.017133454784467896,0.033794835820525455,-0.01821614463979267,-0.09661721254045635,0.01601801900231954,0.11774654623316483,0.1329447712063711,0.03679751717675987,0.018605642171850782,-0.008046023810616495,0.017403807016055824,-0.07106492749979329,-0.020056929501616645,0.029798931286871836,-0.010060939715536137,-0.0403817302658191,-0.008896515345975598,0.05407223068206088
2.95424090651133e-18,-3.168671821312924e-17,-1.2960988543103441e-17,1.568160580738571e-17,-3.808316561840464e-17,-5.195309962741733e-17,-4.85722573273506e-16,0.029382370524678673,0.15615436702637928,0.019350677786592826,0.039570475350243925,-0.008146518643637754,-0.03654528025249548,0.02726184371992149,0.024458601589277405,-0.004046972504125174,-0.04488257509679059,-0.0031654886550772357,-0.08672869129322873,0.017735223666157388,0.03589434863287227,0.03030407422875567,-0.025428057566438414,-0.06457956820188583,-0.019967301453980225,-0.0047412835317645445,-0.006170525685540888,0.016758495157520835,-0.011477055351947145,0.025423357115650854
4.511233020647765e-18,7.945924440226021e-18,1.913363113944728e-16,-4.301309447492848e-17,8.693275357631204e-17,4.343654691796281e-17,2.7755575615628914e-17,-0.021061733775755247,-0.010996609414954998,0.024630589611568932,-0.029789393445552304,-0.00017357570762057228,-0.052357008956830785,-0.01660594904928229,0.0309297357416749,-0.0014972807087143135,-0.030706808476763,-0.005508037213213406,0.0070913949262310216,0.011570758284565375,0.02986966928292645,-0.0873251621497238,0.0009089486476045618,-0.02712144430692777,-0.00950353566415038,-0.052570539998318545,0.10088588671945485,0.03248482405990017,0.018317177338324934,-0.01919337565931775
1.5953450508417235e-18,-1.3570038279110843e-16,-6.666763074730289e-17,-8.223307251752954e-18,8.568264475810065e-18,1.0456383010596228e-16,1.1379786002407855e-15,-0.0914481987804752,-0.13784995807057776,-0.013801630488187716,-0.09698979938423101,-0.039137902882088536,-0.09051935730748875,0.07131039560824536,0.014816318955601818,0.0302597775903421,-0.021137325654067694,0.06964725791740763,-0.07513669122449451,0.10540042907374368,0.031481333671040786,0.028560730891405796,0.0941080206879392,0.08440993866220092,0.0031498131246741,-0.053597352529980574,-0.05706472357413904,-0.06374139502211457,0.04061183896570422,-0.05617976485422314
-1.0105286653316719e-18,-1.0753834370588991e-16,-1.0152368913798345e-16,6.003943509812763e-18,5.0263846323031066e-17,5.886524595217935e-17,6.106226635438361e-16,-0.06237810290763322,-0.03269722422332544,0.06516706782542095,-0.029581694183023685,0.06209293049386304,-0.10281793509975085,0.021505176723561246,0.004822937725140617,0.05337836276284543,0.0061798196524168935,-0.00033038010900247514,-0.04147123468457382,0.08426646295954739,0.09403320906452979,0.003050064603626481,-0.026052421159367314,0.04844715373207522,0.006565620823159614,-0.026868271274345802,-0.07472548931487005,-0.04021154137136051,0.044260785814673506,-0.049524007452791494
2.315896908655781e-19,-6.546392708683195e-17,5.360683135247991e-17,5.774572753063953e-18,-3.416463431085268e-17,-9.239015859118953e-17,-5.759281940243e-16,0.07524290118065217,0.0674968991111847,0.09108636642026924,0.01929660144360082,-0.049399327657132126,-0.006843149249282645,0.021431591720079527,0.006710730129711613,-0.06743265888618705,0.05304602567781429,0.0361588211878099,0.033178722213341276,0.00962823896190567,0.020669169790783596,-0.023215173597379415,0.03362514275108764,0.004173727183506925,-0.0019449225773930337,-0.008441759217957447,0.016379208601486284,-0.027397895272238536,-0.03274423835375913,-0.0035099232239215686
6.982204479192028e-19,-5.1073144134200145e-17,-3.067508365311422e-17,1.6549035802215384e-17,5.79670912441706e-17,-3.615441253003864e-18,3.0531133177191805e-16,0.0175758265863168,-0.05227768613784403,0.03196983781661007,-0.03543048364170018,-0.0374543890097216,-0.04810849304859482,0.04005598107710794,-0.003384490740678994,0.06810618969135579,0.08965866650840768,0.007570827199470804,-0.07627211575343225,-0.040168561422001835,0.017971623251123524,-0.006032678151323307,0.027998918466859344,0.016020126783014847,-0.050816473342512124,-0.04185589572924682,-0.004902773677501682,-0.00425003756208118,-0.00566737927892249,-0.03938324828962237
1.8253500423894992e-17,2.5208554349543644e-16,8.739305208372083e-17,1.0293237721674334e-17,4.1700521046047677e-17,-5.40669353651091e-17,-1.457167719820518e-16,0.017791793740515614,-0.0012163466501678255,0.017702516225394947,-0.01347209038617997,-0.031356646276065485,-0.015004695788244767,-0.059415507122620996,-0.021574641482620092,-0.012876735522743604,-0.038167535601487466,0.0193079902357797,-0.0006845700385800785,-0.027875689244195218,0.00388565980310644,-0.002240985782559924,0.005639838228539155,0.003691111905119329,0.009135209037354677,0.011207436393080382,-0.00016335517488940513,-0.0010081999688293939,0.014166441031676209,0.012055796117354845
-8.068897744061545e-18,4.324666869105151e-17,2.2930522990259746e-18,2.4208431567359893e-17,-1.2154199032529832e-16,6.72793498239113e-17,1.6653345369377348e-16,-0.08602300287437689,0.053094740554880254,-0.027595097317836506,0.08444780887515946,0.013655973356689027,-0.023059599019330364,-0.025332364402654836,0.014314702792519497,-0.05985670190985869,-0.07864784117094673,0.11697848526163139,-0.027921060010215607,-0.025587358586521045,0.037532490760284636,0.09947930238791705,0.062112901109261515,-0.0968945819300394,-0.08005595282800226,-0.0967672598230055,-0.08290708440461854,-0.02061851613039715,0.0008516165122985003,0.07330612651845417
-2.382870488928712e-18,-2.3921932784703595e-17,-5.287376963700562e-17,8.98664476076558e-18,3.581918599507519e-17,-4.96787474133867e-18,1.942890293094024e-16,0.01744561179215883,-0.0201442637686574,-0.016517893060679214,-0.0075270485309631005,0.0022918143878003514,-0.02521477736604239,0.03274132027273769,-0.06777955478551,-0.02532074844595309,0.0967077330140008,0.04246284196624603,-0.018808268961222046,0.03504804773078515,-0.0274887003924534,-0.005741702497834514,0.031929327383992866,-0.026740216302973092,-0.0002775796837005018,0.019664827468254514,0.0157066631672528,-0.03089742410056171,-0.012607685956524723,-0.0014533919000129104
-3.924053168616868e-18,5.161115193492286e-17,3.5652145970110967e-17,-1.4133268605453366e-17,4.586121238071782e-18,1.62144279720426e-16,8.326672684688674e-17,-0.0750833379228244,0.02105252284827444,0.005156706782300366,-0.027799864692341195,-0.07491302832300858,0.09111027915801032,0.012605205976500035,0.06843157256622298,0.0338232877186827,0.09531282093607286,0.021492856211517062,-0.006432867775652374,0.005881533232982951,0.030848450447097765,-0.043261264923569596,0.06973583463199824,-0.0165588370878223,0.0031014985367035027,0.010133301337374926,-0.044872025670084845,0.004760657428754197,0.004814823300704337,-0.024228004690228944
-8.405276161465796e-18,2.789585014476371e-16,1.0422012076322018e-16,2.363083264572958e-18,4.808571586669821e-17,-4.226561834795009e-17,-2.0209528495129803e-16,0.029529894770804796,-0.015958645561281123,0.03813300579287484,0.003436004637443734,0.00019468220309325763,-0.00944496118498395,-0.03852424154312726,-0.005653243558920992,-0.02899675863671474,-0.015192784909539672,0.027762506148544915,-0.0040976779577662084,0.015464016847993586,0.005539698736699525,0.005347991300589948,0.005102560750409286,0.009216719548100447,0.01007738928309241,-0.004187846304169399,-0.0038711104051035125,-0.004206983400810816,-0.0018916967680029676,0.002241505894396413
-1.6821785071804466e-18,-8.24436617006791e-17,-8.727101600587909e-17,2.2867386943719628e-17,-1.188542517643621e-17,-9.070084578055646e-18,-5.204170427930421e-17,0.004630670995094298,0.05451413280634469,-0.039981817199966775,0.007974944681874166,-0.023040291000496312,0.05824009050684143,0.039037619519012426,-0.03271892507420924,-0.09014251334628541,0.12903118194585617,0.016032928840231036,0.01386684799204193,0.00406602276502334,-0.08132666098522175,0.0035823566819523952,-0.008593134488046932,0.006526637506907378,-0.004131288102421583,-0.018407722167939632,-0.042178142225219616,-0.007264358979847857,0.04900543430865736,-0.019493502892913826
-7.487858499908541e-18,2.610838387593813e-16,8.036906408527533e-17,-8.046195053168663e-19,5.129907019618455e-17,-6.570552697374577e-17,-2.914335439641036e-16,0.04982081980988915,-0.02826168291310602,0.06421486577671255,0.02110650529461113,0.021068654480193547,0.003261615928485763,-0.019328879982895775,-0.0045365645192404075,-0.024786092541777664,0.00812528806575533,0.018634088505536092,0.013787933887685996,0.020825471724252583,-0.0003616125160495989,0.016870777570976714,0.025582851594556335,0.007455857781886827,-0.023535164746844573,0.006523913162285243,-0.002049733769673852,0.014453265505884156,0.009108799824198975,-0.019717484306815792
-1.144061483581891e-18,4.7255147620871865e-18,1.6006483866081898e-17,5.5693689757812556e-18,-8.263293447558757e-17,6.346897678605556e-17,1.5699247457590104e-16,-0.034731853381770726,0.008456971307084392,-0.09922536986100633,-0.015208322731747752,0.0352481538736941,0.05933325179395256,-0.04075547360727015,-0.005389605266113777,-0.01141759578683657,-0.04754330283107472,0.027251406046266743,-0.030095801317906103,-0.04161880437406892,0.019499529235370815,0.0019594181784442022,0.014270372557939353,-0.024994016988957767,0.013427819251960354,-0.0560757715759433,0.01010482961063309,-0.022294751130975926,-0.056632442234388056,0.034374461485369455
-3.2211211359721978e-18,-8.517848539101043e-17,-9.64553475635726e-17,-3.761030343928164e-17,-4.399690375785351e-17,9.010038041545355e-17,2.1510571102112408e-16,-0.03889570886040842,-0.07076756520347452,0.0717082293500342,0.06461877906853347,-0.0025384324132500503,-0.09461627391247594,-0.10247187891617916,0.11030890516541626,0.0017302803994862993,0.16607850048358394,0.07059455402757328,-0.057608475056738835,0.023096824196547558,-0.044022109146246685,0.05800099899401593,-0.06306672551316735,0.026309737757173494,-0.01837026918685567,0.0014161142963913845,-0.022014976828201752,0.024418846852240304,-0.04886688427195295,-0.013305363421179696
-4.867179506096846e-18,-9.619131244291816e-17,6.660695721905844e-18,-4.3954208845319917e-17,-9.29458668258965e-18,6.334920167084256e-17,5.273559366969494e-16,-0.07498299513468477,-0.09192201789317166,-0.013010280582627126,-0.030148503423440078,0.03080981969670961,0.02825851946418274,-0.040966075372617455,0.034446052186934355,-0.05885099115145871,-0.042622504543909236,0.021113101416495576,0.05414826785747417,-0.07101838402060426,-0.004869419859864237,-0.020494990079795345,0.015042777937171051,-0.004600870714805106,-0.07104590013263265,-0.024204052432920328,0.0540521750743901,-0.0005158701824905942,-0.02595266354679626,0.03975801268641428
-1.5012688824009028e-18,-1.4925732487510695e-16,-8.316700179597911e-17,9.0826726640872e-18,8.403109442492473e-17,-1.1818165136346865e-16,1.3877787807814457e-17,0.0788789144454056,-0.10112121393218987,0.0746842821786786,0.031595085531790225,0.0005425647342324462,0.07209912637344935,0.04550755880487069,0.09463227427927419,0.037051443864997084,-0.05894956090940647,0.05708827709897923,0.041369408104419615,0.0404230071832299,-0.05157799229422599,-0.04191735963833634,0.05971478858531428,0.15910684257648308,0.004713753072925486,0.04527069212371775,-0.07503339529087592,0.13636242025478199,-0.09502793066983706,-0.07626509017994246
-2.229949594613277e-18,6.727365497818457e-17,-1.5884399112255349e-16,2.551316528746501e-17,5.247977838284716e-17,-8.923190630409023e-17,-3.668940151690947e-16,0.06090687352628825,0.04678044629387523,-0.011692955122640592,-0.000754991638453243,-0.003237360077941697,0.014170195862412005,0.002850648130473901,0.025224696364855442,0.004885934098505427,-0.013355907515650293,-0.007848480986553694,-0.021378967308766497,-0.020139731124889797,-0.003991836815227036,0.03294830112065344,0.017222026454114445,-0.04659606992451619,0.009910338016337445,0.012359075634452352,-0.011848251059960737,0.015998720988758774,-0.03500390453687371,0.003917915841509948
-7.487858499908541e-18,2.610838387593813e-16,8.036906408527533e-17,-8.046195053168663e-19,5.129907019618455e-17,-6.570552697374577e-17,-2.914335439641036e-16,0.04982081980988915,-0.02826168291310602,0.06421486577671255,0.02110650529461113,0.021068654480193547,0.003261615928485763,-0.019328879982895775,-0.0045365645192404075,-0.024786092541777664,0.00812528806575533,0.018634088505536092,0.013787933887685996,0.020825471724252583,-0.0003616125160495989,0.016870777570976714,0.025582851594556335,0.007455857781886827,-0.023535164746844573,0.006523913162285243,-0.002049733769673852,0.014453265505884156,0.009108799824198975,-0.019717484306815792
-2.151935561043654e-18,-3.158962809524423e-17,-3.883292680796418e-17,3.90434988430957e-17,-5.678662947874566e-18,9.127203120288206e-18,-1.8041124150158794e-16,0.008223308547327795,0.10175008725032805,-0.04900995087015295,0.00979584001676412,0.007287572262906101,0.03685143263956925,0.07456685278666632,-0.03192805942148484,-0.12843916473702935,0.09205293697173572,0.09312866880273431,0.016079698733756403,0.03289395991253852,0.07475278212545029,-0.06345092755138095,-0.024386674063754485,-0.02275072281825079,-0.02227929261931159,0.0420834015216236,0.05824329913385465,-0.03893319659157206,0.0523358255098961,0.028612553009013404
-8.389046589551934e-19,-5.804607953843886e-17,-4.2913268013232105e-17,9.472400401910773e-18,-1.449529979385622e-16,-5.896568498213632e-17,-3.469446951953614e-16,0.026558318291446545,0.08782363847983801,0.07038891321417677,0.10663536290496761,-0.00022939287636301458,-0.03722569280612515,0.002903785528282151,0.11498300514845108,-0.0062175766195801474,0.014556189631596396,0.08434660766256631,0.10923328349216081,-0.08964077387454383,0.011146025486840395,0.09250440599763603,-0.05320349558623555,0.022243598569941406,0.12062439461383345,-0.09303969765325816,0.04396406917020611,-0.024767732606430733,-0.024451904027614782,-0.04478385344389768
-1.9870970297899985e-18,-1.5442725708655933e-16,6.005872494881089e-16,-1.468141303106825e-17,6.315407846057664e-17,4.923594557626758e-17,-6.938893903907228e-17,-0.01807239807689006,0.007400466093836153,-0.015778586339926282,-0.013650215241139498,0.037440928324292105,-0.02599978993358827,-0.020380607171811657,-0.008851094473227256,0.013334108819775856,0.006751078944025249,0.006587467889267894,0.00035474255334095976,0.019492374659367602,-0.0017458552219916518,0.009056319900425498,0.004110034746199277,-0.0052097457889074125,0.0005967235542691203,0.0040779397976495055,-0.022901546217712808,0.004838172933123645,-0.00334564198218746,0.005926811064787137
2.7577585936085853e-18,1.498789828345516e-17,-2.2603447664832337e-17,-3.7598150213284006e-17,-1.0525750839808985e-16,9.54222710235194e-17,6.175615574477433e-16,-0.07500513943930912,-0.13377633703822678,-0.05075844337234617,-0.05109421002497164,0.1618651446002641,0.078325109574373,-0.001983965446877883,0.041189875531099665,-0.049178304290911176,-0.036727541491739776,-0.016865128713363542,0.008998827449848769,-0.0868630962731134,0.0076656053286048445,0.04268452687454974,-0.022026713509569945,-0.024242681150893213,0.02270732389337046,0.06410701149702573,-0.03442253350884962,0.043125045787994525,-0.010263300838941987,0.03493465838748793
-7.614240972601931e-18,2.4803289702118587e-16,7.350200747195635e-17,7.377666532265943e-19,3.622667912221747e-17,-4.7843102242149e-17,-1.97758476261356e-16,0.03373282671927618,-0.024360516442456442,0.0531902234870994,0.02935127856307689,0.012482524114088641,-0.0015703149735955407,-0.01879489947544609,-0.0059941341929589335,-0.021951637584972435,-0.006803779757956781,0.020941285671795925,0.011882267257942435,0.0058275912886457506,-0.0036561478189445907,0.009339897218089335,0.033738324440618105,0.002161013302017663,-0.023778513874208613,0.011923243864326291,0.007225395185530811,0.022251740569342492,0.021257063860654887,-0.008522290895067534
-7.487858499908541e-18,2.610838387593813e-16,8.036906408527533e-17,-8.046195053168663e-19,5.129907019618455e-17,-6.570552697374577e-17,-2.914335439641036e-16,0.04982081980988915,-0.02826168291310602,0.06421486577671255,0.02110650529461113,0.021068654480193547,0.003261615928485763,-0.019328879982895775,-0.0045365645192404075,-0.024786092541777664,0.00812528806575533,0.018634088505536092,0.013787933887685996,0.020825471724252583,-0.0003616125160495989,0.016870777570976714,0.025582851594556335,0.007455857781886827,-0.023535164746844573,0.006523913162285243,-0.002049733769673852,0.014453265505884156,0.009108799824198975,-0.019717484306815792
-5.307882447108143e-18,-6.41543571761942e-17,-4.420461852622238e-17,2.93751571778006e-17,-7.926237689500447e-18,-1.8657959573378154e-16,-8.673617379884035e-16,0.14639642197351502,0.11824190961589884,-0.000981776681851719,0.048225987826905806,0.012379440679263111,-0.08755131768823732,0.028207423415616394,-0.07708657155378973,-0.18030102982236262,0.021439169453995145,-0.02793443988013078,-0.03750940457893847,-0.049520940446437796,0.09119583288362591,0.009298743465343203,0.05012455495604147,0.05761594225203841,-0.01218287794287121,0.06027870341451321,0.07275868422051754,-0.05060547177639907,0.013965320756367028,0.0512489528223322
-8.875303419409614e-18,-3.6265506849047373e-17,-6.616728602888894e-17,4.307706223025882e-18,2.4217156868159537e-17,-1.6692275267768373e-17,2.7755575615628914e-16,0.005740808245912869,-0.10717609828378392,-0.018544748084509413,0.027050167078150743,-0.04718215622692136,-0.11892131811058905,-0.01792374798876622,-0.036673040277412944,-0.01901447941874853,-0.0021740852202769057,-0.07417711529782316,-0.039451924113273425,0.041353100527364885,-0.002574285631266809,-0.055673744896838705,-0.046627769746207894,-0.04992821528868843,0.053301084299695704,0.009820906717328977,-0.04647814489338974,-0.03087698240491732,-0.06137575351190401,0.06097121727769358
1.0692157771597028e-18,6.109220839325928e-17,2.7745896632287024e-17,-2.2207213758049346e-17,-8.910959093026898e-17,8.086291336283136e-17,-4.466912950640278e-17,-0.06250557664250393,0.06472320219804598,-0.0011694635148702056,-0.0646912741995314,0.01991246472561661,-0.020128234542946908,-0.043546036423253484,0.03933310555067995,0.010423489661394884,-0.015687137895281592,-0.06635735287010638,-0.036012388056691214,0.03649603069232492,-0.03640998587038577,-0.08505582327714609,0.0989559629225643,-0.052864307111564,-0.08123766042076912,0.03298454070425786,0.0011934118450439173,0.03304703491103236,-0.013849879904620034,0.043367996823952565
1.949800035179095e-18,-5.306318009509272e-17,-1.2219711981269091e-17,-7.456997635364708e-17,-7.708090930889714e-18,2.9159360764976336e-17,4.128641872824801e-16,-0.06846752797416984,-0.09106882916469496,0.031065825506163918,-0.08418668768852397,-0.09966484889113691,0.03883752683737253,-0.013766316929119025,-0.004614227276925419,-0.061727059831779875,-0.009125865908013394,-0.014694516326282419,0.012324958766996586,0.02647845625131613,-0.04835105566975998,0.04743940064948627,-0.005276906965648751,0.016583452382852387,-0.04608218545129203,0.030056112242343107,0.07435331615230766,0.006274662983851167,0.020869527680719386,0.02972584657900175
9.125715365128547e-18,-1.014465342721444e-16,-1.7465006836645334e-16,-3.6704240196994436e-17,1.048674311236474e-17,5.653634142843782e-17,7.840950111415168e-16,-0.06271129189011164,-0.026478875625309713,-0.10052254062867214,0.07990389531928137,-0.023837354901870986,-0.12968668755172333,0.05692341741497815,-0.08734175973966195,0.04797906127624255,-0.08073316691464669,0.09534367306761134,0.06810070068257167,-0.006272927417411244,0.01187152012429816,-0.022503704054993745,0.06430312665584505,-0.018785957460648022,0.07030607464810941,0.063199571380291,0.015565096248689242,0.13209455255430244,0.011333391174695343,0.013425887034955706
1.774479480778641e-17,2.5542283925028567e-16,1.1158861313548774e-16,2.462959514978561e-17,6.267163271040301e-17,-5.824991131146997e-17,-1.734723475976807e-16,0.019610496120398505,0.003477560051532087,0.010620550158600745,-0.033491565735245275,-0.03755022980380926,-0.018889190676527896,-0.07308566196270234,-0.021220817710701435,-0.01809283583064072,-0.03969670263519929,0.02297861500460347,-0.010656400321392732,-0.017811900895426568,0.010950906541368996,-0.0027749277018597426,-0.015818615471898997,0.009861204220288581,0.03167243982454835,-0.0008146561592637786,-0.010249488822147428,-0.020861608060242873,-0.004546122663436654,0.016028010793336947
2.6490989794324974e-18,4.4672912817621394e-18,1.3320129904010758e-16,1.6702326142980414e-17,2.1802042987981236e-17,2.606941187686537e-17,1.1731067506293158e-16,-0.005287763535795467,-0.07828790210910926,0.02603423413005371,-0.013869172568765973,0.015734826791386568,0.05055190308884718,-0.01411291876094533,-0.01807623290800015,0.002806326935045839,0.012733540413187966,-0.018086246573230696,0.03222219925337129,0.02221111733693946,0.01756093848060849,-0.04405833795837044,0.031202540223188725,0.028592216407020213,-0.017879805614550166,-0.024153869190292162,-0.07325858719250959,0.003849330451108633,0.006168644294850396,0.046975150455523855
-6.134691945614325e-19,3.931607284753604e-17,4.034600530823773e-17,-3.125009127526809e-17,4.680535479114432e-17,1.3522337924241086e-16,6.106226635438361e-16,-0.0824791438072558,-0.03001509055198434,0.03606416494639652,0.00277974206936569,-0.13734081013352736,-0.011232640046960379,0.07235521768634026,0.06379989608684204,0.11134019631668887,0.08241776756141156,-0.020201702671373136,-0.047475208183251565,-0.05000650379706309,0.0442677467708921,-0.060837091445230786,0.048816444262995376,-0.028964822403273825,-0.03603156828553022,-0.021845816027672146,0.014302222588520496,0.07672788701263687,-0.03215434834125141,-0.021890389926586457
2.2588652312800827e-19,-1.1704995706688357e-16,1.429852426086333e-17,-1.854421964389857e-17,-4.3133873113641996e-18,6.976986344278941e-17,5.134781488891349e-16,-0.0715922138179165,-0.06926958244589172,0.02017551655310803,0.030534594643357577,0.022504187811607998,0.07359835377050084,-0.011136581309793826,0.024678758865414697,-0.0354401553228546,-0.060520065490841116,0.035146074980355387,0.026366830563087487,-0.03766590811461306,-0.022122168954951695,-0.052551315316880134,0.06249787696876078,-0.022301039028427058,-0.06881728528671086,-0.03384315754626107,0.00942553449166855,-0.025508597990774668,-0.017414146591575086,0.04499391724265227
2.6833142175928026e-18,-1.5279776034618066e-16,-1.7332982091016445e-16,-7.120802443225605e-18,3.5253121052201514e-17,9.672582804098541e-17,-3.400058012914542e-16,-0.028949639585795214,0.06672822990782379,0.09709602151853755,-0.01137008860970893,0.07667688136300692,-0.039733185836039284,0.03424807756303806,0.02633818847137853,-0.041390403575564366,0.014476464559358573,0.11902211862842182,-0.11047053398602658,-0.0946356055617117,0.0066182991063646205,-0.02550195685380488,-0.03273641835903689,0.0002621693078706313,-0.04794833534717856,0.07045138846211607,-0.024359997421324112,-0.0018222367424100567,0.026572607800217536,-5.4487449722438585e-05
1.4802881237817682e-18,-6.531161450869323e-17,-2.501875662801055e-18,2.1707339797390873e-17,4.512162611270843e-17,-5.417775140385462e-17,-7.632783294297951e-17,0.04101183172966209,0.01321755160762464,-0.048906516453214095,-0.046165271433461545,-0.032549054017068556,0.056284562659383496,0.043382205891003806,0.08018859153055137,-0.026774099006005726,0.05375655397774529,0.007369150045567839,-0.04250414826900575,0.0167775475448021,0.013238644030172317,0.0003281480778367099,0.02823655813503578,-0.01175407344741378,-0.012024331968283793,0.013974638294346746,0.00013562921459082177,0.010070522985490408,-0.08265833629347759,-0.05715336992787973
-1.4909671326715406e-18,4.383775155009173e-17,-1.616823677691535e-16,3.1671231190766806e-17,5.3054636679222125e-17,-1.0557467289905048e-16,-6.938893903907228e-18,0.05436078488221106,-0.01200130406805884,-0.027420390950882865,0.007743586218597284,-0.004449469380890192,-0.009540648064647666,0.03749474635410932,-0.009438589448963508,0.026690047522986704,-0.05555966140606157,0.024465122696662636,-0.019137461380491452,-0.005931705137847929,-0.008371820949282014,-0.010664224723220286,0.01176393790658855,0.03775156432379967,-0.07526835112203517,0.028973123294838855,-0.007222359336323833,5.591366329237652e-05,0.032183049584321145,-0.030118455173275414
4.276038375799385e-18,1.3695873997087769e-16,1.46903330494373e-16,-4.0326452189503224e-17,2.5397324744143558e-17,8.21468952459749e-17,4.163336342344337e-17,-0.018196208999562372,0.0077350499828672,0.12131225895157471,-0.027909788494417033,-0.08779773803034124,0.03448967772308726,0.06112897761014078,-0.03213776760416034,0.01530180554577443,0.15616306353955917,-0.03066641241383948,-0.025687461313048002,-0.1315677359668791,-0.1225071974188781,-0.07640766937349346,0.09514135060242868,-0.024457155811983638,0.040344340029082014,-0.012992869783755403,0.023861726855934396,-0.015030576357025226,-0.09435183486939731,0.018892868916873647
4.215641691399065e-18,-1.0697221432925323e-16,-2.7712765171221162e-17,-3.208743967067943e-17,-3.9626814177742936e-17,1.1314368805028282e-16,2.7755575615628914e-17,-0.07555842029079893,0.05391640185753666,0.011663501851679624,0.03198705413309039,-0.08958631106418857,-0.04396609256391286,-0.09099033267009966,-0.08508972165911588,0.027877657653920758,0.08443415105988815,0.10628920074669156,-0.08831147843782498,0.10549217620794812,-0.08556882389222278,0.09166853940135833,-0.07907888375985378,0.012674784638381332,-0.05148623491946006,-0.0570606477061886,0.05361101748301965,-0.0949038583545464,-0.06663043356302502,-0.0009960625531363295
-3.1054413186559978e-18,7.646524242140196e-17,2.0976644692522777e-17,3.735155277491221e-17,6.978280967874707e-18,-1.194273321277925e-16,-8.326672684688674e-17,0.09129563345511231,-0.05765960814484232,-0.08994892917416653,-0.014448749735925923,0.06513196772699877,0.0963953369234322,0.034651877213194286,-0.0063328059648782445,-0.012620841829894003,0.009315427817706933,-0.017743445680199213,0.04176899374006541,0.043349315113490876,0.0018568407511874243,0.02551504455784061,0.008471734722871273,0.0317782307260098,0.004296261131951009,0.014476431550632126,0.00011364427285565475,-0.02949768617652654,-0.019468845111782127,-0.04680030932476751
1.3724563670389214e-18,-5.096871032570506e-17,-3.238092287985961e-17,-3.099431362745929e-17,-6.944912667150008e-17,3.1577118067580116e-17,3.122502256758253e-16,-0.06677592501276933,0.009830443845693338,-0.033998412118159786,0.04399977416290641,-0.029316898244826892,0.004804376507432504,0.02571527352147308,-0.04294007981818275,-0.05333299358373953,-0.08238641204054617,0.04685580002896566,0.043052787652256536,0.020941686026153553,-0.08014746041380345,0.04178483592850305,0.005877240800577441,0.012249987006582247,-0.013661940921392607,-0.013014747864194253,0.00019121139793519746,-0.030304553212694575,-0.0034154606298741896,-0.049824181206837286
4.5935083997755386e-18,7.286862195133915e-17,2.0059068120926894e-16,3.431486021356601e-17,1.1634877731147734e-18,-3.0540177716790155e-17,9.71445146547012e-17,0.0014389971976292173,0.014849398426639045,-0.08362925123645698,-0.025875207791464894,-0.04081249353009042,-0.08829824796921912,0.019605994704593736,0.10890650814236978,-0.013308677147654591,-0.05444774336713508,0.0017756404964104572,0.044767955937639096,-0.008178284864752403,-0.03961945043004017,0.006859329641530988,-0.01788647525292621,0.10620322213719975,0.005562844742850994,0.06610396064738049,0.025886658687359832,-0.009295231127563629,-0.005351129501423738,0.019395672525056796
-1.0975077535634196e-17,-6.881702612843358e-17,-6.884849740763489e-18,5.3042994530635e-17,-1.6875177705159505e-16,-2.315604650521703e-16,-9.71445146547012e-17,0.1404943945003345,-0.1366453746136233,0.07474587312533021,-0.04353276072586975,-0.005953191743577479,-0.050088022266555274,-0.04796447333650194,-0.035272178977137345,0.2008793312416355,0.01167975530600201,-0.08936713429829196,0.033930400836707876,0.009107644907025174,-0.06013320682412786,0.022544121877385966,-0.022258897872614196,-0.023205841287155995,-0.018797353284115855,0.13281974106695046,-0.005706475249707555,-0.04262043048663992,0.10253505168546675,0.0016944845037811785
-4.4853053782086646e-18,1.5646304286816764e-18,-3.697648354183121e-17,5.433493159430602e-17,5.122377576183493e-17,-1.3629269348726793e-16,-1.7520707107365752e-16,0.08063039942956907,0.0032589049326237083,-0.05308214159313349,-0.06350098074469412,0.016589623865529503,-0.020930933079879595,0.033459124725404375,-0.01136993409631771,0.017842443526856065,-0.022238570189783088,-0.029404475111878242,-0.008889861083154387,-0.00637233967130483,0.0016956887473278,0.02042894403841709,-0.07863008569427789,0.04689679147104277,-0.014924638321964284,-0.05549934508394454,-0.01934837728459018,-0.008887626493793637,0.014805053423589972,0.04275582912218053
-3.4702683463585696e-18,-8.2541228359324e-17,-6.409356178456808e-17,-2.0061019054714585e-17,1.8756493946415585e-17,1.2559281352927022e-17,2.636779683484747e-16,-0.032817625063132856,0.016569077401250156,-0.0121127566300566,0.066928695139641,-0.03941907246782323,-0.020585642402923328,0.02489196456018724,-0.055021395448062796,0.04304840397909631,-0.05011688934535657,-0.003852972905386689,0.00023329397888884943,0.020381623198301682,-0.003236029169274936,0.01974085290896011,-0.02419106382013791,-0.0312882488642647,0.009661868166308119,0.03601617194385476,0.04368477790729977,0.012113409014845316,0.03667223628634512,0.009360215125050636
-4.182441819136791e-18,6.286430205760586e-17,1.769993563824265e-17,2.550161934997785e-17,1.0562981333986615e-16,-8.043201488891035e-17,-3.122502256758253e-16,0.06828304410801198,0.02659670909531362,0.017987670005626302,-0.06768969534681582,-0.045215335524404016,0.06501857769729115,0.06553080967037556,-0.029378476639448807,-0.031376115696891846,0.09749822000254495,-0.03462608639207446,-0.020580580474391458,-0.05230445533981415,-0.08351948589020537,-0.03843873007209602,-0.0005611544855283509,-0.017267475149543694,-0.009723041951446756,-0.015236886267106401,0.029813248465468192,0.04621988269863134,-0.013576995663755987,0.037839647193936406
-1.018328634324416e-17,-4.875025946260189e-17,-6.973048021280692e-17,3.2816288724891296e-17,4.191552367564708e-17,-6.527221816649975e-17,1.3877787807814457e-16,0.04108190832604114,-0.04869180463293168,-0.12196625591907057,-0.018786823331678606,-0.04517160360862295,-0.005243120604071811,-0.025334713035677452,0.014870136091887412,0.009493421044468696,0.03326805241448852,-0.03366644804391922,0.006607873262546818,0.015906748023966667,0.003449690733865721,0.005665418446806819,0.006056929753169516,0.0068518834428938,-0.017991896985725703,0.020962784704289535,0.020638264781017046,-0.03593153599796454,-0.056907367559768544,-0.03852631135224161
3.91582704757538e-18,-9.293872956688006e-17,-1.6136653579575418e-17,4.6644899597778446e-17,3.7006185811898965e-17,-2.019970501521653e-16,-3.2786273695961654e-16,0.1420880301467138,-0.03224146545759831,-0.003332618707300235,-0.05628585635330634,-0.09159340460977462,-0.03954394701117603,0.06760025271870701,0.057766676394944504,0.030284011779621686,-0.003108721425477666,-0.006308269567197445,-0.06187220325506576,-0.07178715265765162,0.046439503435108144,-0.012789918112826334,0.03175418481806778,-0.02227720289802877,0.007298305564729477,0.007925503094632316,0.02237120735194757,-0.007716074634320539,-0.03988540340742043,-0.04421648496626686
7.451997929054481e-18,-3.080869503784441e-17,1.2317097503177017e-16,3.9360329066172805e-18,6.101628710814295e-17,-2.248718995478299e-17,-1.3877787807814457e-17,0.04969243553615267,-0.07146821526814254,0.020954615848493834,0.026953913758210574,0.024189298538186712,0.039714302087787805,-0.015392037532632014,-0.03474750006006826,-0.011703750755111566,0.015643057610404375,0.021723814959938397,-0.04600237414341634,0.014498269459139648,-0.01915096034911805,-0.06822938488152237,-0.01884452111699895,0.059401401116233446,0.03411516170054948,-0.0013744161088192724,0.017665701306340695,-0.018265608017535774,0.0593690495409151,0.008300447810129235
6.825631228378793e-19,-6.826281360482676e-17,-5.242160658510977e-17,8.601241224642558e-18,-1.2273974311406588e-17,-1.8045911667245347e-17,-2.3592239273284576e-16,0.02684344637313904,0.07249951678122449,-0.017959493185694685,0.00083145694206993,0.03212943491963758,-0.007954778861864695,-0.0016701923079922938,-0.06078545376101558,0.032445770541415814,-0.016497170777374375,0.04025504428203494,-0.07223086752898036,0.03260252499165369,0.0050813077375457885,0.01947359647310422,0.026006097925981644,-0.03122564890549149,0.02662968367634349,-0.022965167781977578,-0.0021463457724537473,0.03135049592993956,0.033758628478384865,-0.06792886847817142
3.5098441360844385e-18,1.46128483161656e-16,1.4380754991813383e-16,-1.8352785146750108e-17,-1.909926753946348e-16,1.5145726600831308e-16,4.787836793695988e-16,-0.06568104032485121,-0.04364409292569407,-0.039635586898391285,0.013763318090505572,0.10383331132203032,0.04872824644197991,0.06590519854318239,-0.05501082029156791,0.07831634052307364,0.028381769776660275,-0.061305911931872126,0.09500440998276743,0.014086861394429214,0.052288146881012625,0.01785378756311458,-0.008524662789458338,0.021230467345713325,0.006384045788559015,0.020488897274223778,-0.04049093112292691,-0.025427714001172712,0.015574944146728404,-0.040132720939152794
5.571500473594405e-18,-8.780673983425397e-17,-3.7407442812765734e-17,-2.081240935690805e-17,-8.034093864002012e-18,2.5646628540516037e-17,1.1102230246251565e-16,-0.007453261213736948,-0.06077302645204456,0.06018654738866801,-0.0011977809970131503,-0.024655536111608457,0.05374425870886005,0.002254371810078652,-0.02256538285916148,0.030279238801392203,-0.03335502526711317,0.0010916945155193603,-0.004863813625775247,0.055275818864241204,-0.028924732964259594,0.003816538183160913,-0.011208552847518947,0.0653523952150718,0.09684939885317705,0.027163218584405305,0.08833451682376148,0.017038517708690772,0.11556983330481804,0.08001603307033142
4.57491328052464e-19,8.798458217681249e-18,1.5762953467669305e-17,-5.339060249947902e-17,-7.818137278850455e-17,2.388530951075515e-16,4.85722573273506e-16,-0.16828124096335279,0.10646539428723763,0.007755203516992299,0.023536729325800268,-0.09282303601180035,-0.01016036538445619,0.055792427475126735,0.0015997907932366819,0.05572535120684768,0.01412079695545338,-0.013045152966278463,0.03657129608355587,-0.0003835731951633246,-0.01681193562015724,-0.02725294152653747,-0.0007081563653366722,0.007366990123792957,0.01868590667424973,0.013612419321757756,-0.0181058337200254,-0.0667034801800651,0.005834846893060012,-0.04727233388137761
-7.487858499908541e-18,2.610838387593813e-16,8.036906408527533e-17,-8.046195053168663e-19,5.129907019618455e-17,-6.570552697374577e-17,-2.914335439641036e-16,0.04982081980988915,-0.02826168291310602,0.06421486577671255,0.02110650529461113,0.021068654480193547,0.003261615928485763,-0.019328879982895775,-0.0045365645192404075,-0.024786092541777664,0.00812528806575533,0.018634088505536092,0.013787933887685996,0.020825471724252583,-0.0003616125160495989,0.016870777570976714,0.025582851594556335,0.007455857781886827,-0.023535164746844573,0.006523913162285243,-0.002049733769673852,0.014453265505884156,0.009108799824198975,-0.019717484306815792
1.8244684202767467e-19,-3.60181302231513e-17,-2.489791979772882e-17,-6.059166702948025e-17,-7.648822244596578e-17,1.3583869055683632e-16,4.926614671774132e-16,-0.1158885066967857,-0.03683826415171454,-0.019136100632880848,-0.10437125337323555,-0.04580244796155764,0.029217158767443793,-0.05118762011771842,-0.018044007456465373,-0.03515615238049287,-0.010711593191421976,-0.0013007375817627074,-0.008814977428428109,-0.054420142573685215,-0.10050395047401456,0.025474331751401246,-0.04994183250140777,-0.02306110546569469,-0.03245908553752795,0.0406501230842787,0.024795401441983157,-0.020630483808758763,0.0069981332750987555,-0.01704185472945255
1.982313206737428e-18,6.46726903953128e-17,1.8120649386425066e-16,9.330434935322685e-18,-2.314065603361702e-17,-2.4717662589670922e-17,9.367506770274758e-17,0.00045226303681484095,0.04587758231124065,-0.06447411030605715,0.02643131151264614,0.02586092155812144,-0.05712542664595761,0.03888971602715333,0.08917851255170375,0.0034045890897445395,-0.018257890140159626,-0.021750682649650934,0.07750300865660883,-0.02772498880405984,-0.036877167493922114,-0.005987859511827813,-0.024230326126875593,0.0046395004851657855,-0.0397635654324213,0.05811909976373592,0.03357786219870074,-0.022776228533575395,-0.03380930660067429,-0.05583776687766878
8.092444969866855e-19,-5.092372572927457e-18,-4.1664730907422595e-17,-1.0719731658755948e-17,9.114096597592173e-18,2.4690166809300664e-17,1.942890293094024e-16,-0.04193950264416296,0.003355516379941405,0.05679138048014218,0.012352543779181997,0.12284534021124738,-0.0199067317567604,0.018003885019330885,0.03101359266088797,-0.099969100479378,-0.03314021605038686,-0.05851332882273567,-0.09495772966252684,0.026992882128238898,0.025067957782435313,0.06498728592380851,-0.03950315684669647,-0.017381683986110133,0.01913562193612925,-0.011345836271871962,-0.017159211243076747,0.051866346051289376,-0.0226199025251143,0.020228472285597338
2.436679341322575e-18,-6.593253849767119e-18,9.141919570416313e-17,7.285308522347245e-18,3.507786993819196e-17,1.932302250979293e-17,9.454242944073599e-17,0.013954425943678104,-0.052636462660962155,0.0010427005507346518,-0.008385514634432809,0.027822647594580953,0.017600355856174026,-0.02023237144502777,-0.03794593297424173,0.03966557204825001,0.030326501207121867,0.007764685704058002,0.008370581851735106,-0.01076861009472627,-0.006632162649673127,0.005885008267017247,0.0252302690777702,0.01508009401148815,-0.011986487572901558,0.013345129215355297,-0.008807817944509359,-0.03958973767503745,0.02666118575287869,-0.011012058609204364
4.781602447360494e-18,-7.674121042921119e-17,-5.599434290859693e-17,-4.52168097057524e-17,-5.135616049088101e-17,1.1013135949347937e-16,9.71445146547012e-16,-0.12395608111968874,-0.15289140671443338,-0.047516970456914706,-0.14432060134061014,-0.004995071354088577,0.019689113703808166,-0.014359615384535496,0.0015425279877109162,-0.09728614396017657,0.0035529073977450293,0.029359282003490816,-0.015906055827544834,-0.04860816767766594,-0.07943549045450865,0.013001621777138855,-0.00027305403186220683,0.0023347247811991646,-0.005547836416620072,0.03707366473733853,-0.02091855467001417,-0.03723480884330721,0.028307024543373895,-0.013495949456479356
-8.17089327677894e-19,-3.053713419528468e-17,-3.2745651442849377e-17,-1.766733209462486e-17,5.4809704825181275e-18,1.215927230962589e-16,4.163336342344337e-16,-0.10001826671265666,-0.05965042027110506,-0.001734630264020356,-0.00938225949950753,-0.05444620377515052,-0.0695176384837644,-0.01788655662200229,0.010453525617070776,-0.05690525369601216,0.010850569535389855,-0.11093717830404701,0.007099470202261626,0.025642161989483856,0.022638118255042923,-0.0230655802215013,0.016637808311151404,-0.002008021653851643,-0.05962206646230474,-0.05637077748960365,-0.017312159974311712,-0.011646864712911568,-0.002710076982674512,-0.026072961716596496
-7.252669249584366e-18,-7.992321052378425e-17,-1.0024799673252843e-16,3.5734936190473495e-17,7.77182681856847e-17,-8.75497583228939e-17,1.734723475976807e-16,0.04881953991201317,-0.032680776771825425,-0.05618634006730685,0.023647302848180406,-0.013791789485986411,-0.05977484903135637,0.07269283531182615,-0.0034837778370989643,0.028341690187992815,-0.0111060723038704,-0.035346138981571865,-0.008555884663733474,-0.024611205658788986,-0.00811423544516132,-0.04954945593357613,-0.03721122562405638,-0.036576096050768364,-0.0603285717334644,0.01966819262939021,0.04202273345728538,-0.01123010838375082,0.020307923641693034,0.02728884993807672
3.1736030288240333e-18,-9.949722058236057e-18,1.1816337501385258e-16,9.331103542194672e-19,6.019547581018884e-17,-3.073702242314153e-17,-1.3530843112619095e-16,0.031430911595217055,-0.023416731320990175,-0.0017076358555308143,-0.01913177211862237,0.007808184155572237,0.012909596566642855,-0.021488694035661195,-0.014044111282485396,-0.018795530608568235,0.008237715503391713,0.055326336975256275,0.01691237840595047,-0.011756788818348685,-0.028472387892927123,-0.056188905476185054,0.010728195468964054,0.04223909070984831,-0.012546476208938258,0.03517003680072566,0.016770872232400532,0.029823235530042434,0.09777343336758308,-0.01190567139556956
-2.972116206717081e-18,-7.850306192544357e-17,-1.0918446577462705e-16,-8.795739912600383e-18,-3.7101878346438417e-17,2.583872370051383e-17,1.457167719820518e-16,-0.003733228457614355,-0.050856879372628304,0.04669268561520625,0.07713605322990999,0.006325802647406537,-0.09379927844935625,-0.049348627084099456,0.10492109531317716,0.05193905217090814,0.09630507786695662,0.08200388487158108,-0.037876407193010525,0.00720743878505556,-0.06303834695486733,0.041449745338552134,-0.08520223788563802,0.016117691813991194,-0.032231379907494764,-0.016871068707097734,-0.015216929225056164,0.02182929234597227,-0.025940939041742682,0.0297447082527174
-7.04062213152172e-18,-9.398570814170845e-17,-9.785527764573647e-17,1.1820039861913683e-17,6.993549023064363e-17,-7.192476773903811e-18,-6.938893903907228e-18,0.026125228510518652,-0.02639897539073707,-0.008783275471187318,0.05862466953679423,0.02487713418458992,-0.03878759817858141,-0.01577424827756392,0.040516547780527025,0.043021370184212065,0.00909392362806116,-0.03511658173554864,0.05454953400035154,-0.014636834908279502,0.010187101429373794,0.022759550413842974,0.027693720705384332,-0.013428086396410658,0.00720206992002263,0.05268899844617851,0.0156953714606896,-0.06464854238689204,-0.016067135604079262,0.04917547179021295
1.711404686873916e-19,-8.411230569056253e-17,-8.409709235759945e-17,1.5881739545745784e-17,1.826728280407522e-17,-5.974381821184707e-17,2.7755575615628914e-17,0.03947852201065862,-0.023035940175281294,0.04191400826745326,0.04254628753875914,0.03860143145528354,-0.09762714962697308,-0.054642281847900355,0.0030784237457092845,0.05945762724903649,-0.07288487853892667,0.0037731049339636558,0.03503321450164865,0.08701089368584441,0.022864780702625997,-0.11109896278228588,0.050604409973024914,-0.00875032722746606,-0.08961694112425327,0.03579979867131574,-0.007439443530396488,0.00786893178019407,-0.02991304509028397,0.01820215830220446
6.041983035529577e-18,-1.0252676005609214e-16,-9.297825031341454e-17,-3.745341873737963e-17,-1.6919515072050858e-17,6.630891058692926e-17,-1.6653345369377348e-16,-0.0319972883011977,0.01453926622324032,0.08096917751322558,0.028828466996744167,-0.023074495902040082,0.011316855347228844,-0.008998081555428647,-0.04926129593803804,-0.004543364164798176,-0.02417625939794513,0.020878058698495693,-0.031565208113709456,0.011783400367154886,0.008915829319245547,0.024151498726349703,-0.021843895769139195,0.039852241980941616,0.0565784403764616,-0.02242511812349155,0.02557220201577295,0.01724876004488281,0.06722444393255138,0.023727456486699352
3.3300676728970595e-18,2.079805062496521e-17,1.3273582334505105e-16,7.988237887689186e-18,7.000405062733178e-17,-5.0991745861763483e-17,-8.673617379884035e-17,0.022202890996229987,-0.013923345125169108,0.0062065167077441094,0.00809123655391926,-0.03324768821490831,0.016403703241049943,0.0031595534031670838,0.008102856813291268,-0.006750221533160759,-0.02495022642243609,-0.019914727019593022,-0.02928023014511716,0.0007157884981504258,0.015090308230887254,0.057034414882651624,-0.01878374309921994,-0.04347129370130216,0.02771943083163978,-0.005082312472078088,0.009259921676414836,0.009786200382229339,-0.06402622475902331,-0.0038333633213223166
6.920747322747583e-19,-7.045966235929602e-17,-2.562138784609021e-17,1.7339641011524644e-17,6.326728126416189e-17,-9.705746425534001e-17,-5.0645793982229126e-17,0.04049392840189811,-0.010742058894669889,-0.0432764697716088,-0.02273399900974841,-0.06500529421099288,0.008997284694357944,-0.02073610943872209,-0.02706749228866906,0.04385226879228431,-0.06687374727433894,0.014759856190961596,0.016373032542716305,-0.03694843048258941,0.024945955528910744,0.04925568650368171,-0.053144149747573526,-0.006911669191789042,-0.0022191664957683524,-0.013364878285480938,0.014883630934786285,0.07311066660097636,0.07857126356743249,-0.05789807486696362
1.7925000271451237e-17,2.4589601279344446e-16,8.038940015451417e-17,2.1478252460613824e-17,5.052796424824098e-17,-4.55160535449662e-17,-1.249000902703301e-16,0.009171172987792195,0.007327030853229508,0.0023146255059990576,-0.02717108900305224,-0.03866226574955206,-0.021152325630017094,-0.06851144505950509,-0.017531099821074033,-0.02147450476541671,-0.04245498971377323,0.023480304114495407,-0.015308818392644759,-0.017382986244231666,0.013294288450741489,-0.0076518708157613914,-0.014553415626128238,0.008572455895641061,0.033860954187362145,-0.00375282841464952,-0.005877864425152494,-0.017010605351373716,-0.0039230143893173525,0.02355969177184554
1.5092128086568147e-18,5.0774170635262055e-17,1.2433187737697394e-16,-3.0591804774665543e-18,5.5368794384107666e-17,-2.210279374800385e-17,5.551115123125783e-17,0.018219080993535485,-0.05521037874169969,0.020977534815784033,-0.0031656466353663752,-0.005021647346710451,0.005957813214346847,0.010662673865902878,0.017751209125039892,0.029569657547260684,0.007793229756693907,0.00537703783899125,-0.03929783409052687,0.004669958796995136,0.013104429531377129,0.0207231430602664,-0.023367473294403966,-0.023818999761940383,-0.008017592459709231,0.0070434479867702935,0.027382140116027232,0.012856219416795486,0.0016033561929960363,0.002553382858386817
-1.00806935604705e-18,-1.0380949161281039e-16,-4.0163794871059474e-17,-5.82117379964422e-17,-8.805512661476227e-17,1.241815031751354e-16,1.27675647831893e-15,-0.1536203281924252,-0.1959363424664289,-0.0430292149663896,-0.1760494381048252,-0.0756511619084421,-0.0074701878070232005,0.0040885419903518,-0.014520987861056834,-0.06376878367675134,-0.0481115728623988,0.05384382627760532,-0.021516716158752808,-0.01312514963757517,-0.0855430998230591,0.016143617560454376,0.024995155770979324,0.025445509519086435,-0.0348936860225402,0.028128808949809004,-0.013883710290441019,-0.03744478708289363,0.014314271187960088,-0.009665373515233814
3.1188267963239253e-18,2.329956143308302e-16,1.3850395032332215e-16,-4.5267481134274565e-17,-2.3094776356566317e-16,1.6407080953641987e-16,1.1934897514720433e-15,-0.06849821044456418,-0.23850843800990768,-0.09246687864429917,-0.02246457031608077,0.1842547962740691,0.06992725114137205,0.21187336840884594,-0.0016592293608677852,0.03979922399353348,0.03990070107584904,0.05042943955149688,-0.007994530299668552,0.03828026558633044,0.16342481993884533,0.06136784948833364,0.002500879945727641,-0.04118093471431662,-0.02249301850745197,-0.005278982526120044,0.00599602070407286,-0.07430515237660636,0.0007324243788556373,0.025080048704440232
3.96362328647272e-19,6.656189826634565e-18,1.7318242424377238e-18,-1.472966253407632e-17,-6.52082454945274e-17,4.5834479396554205e-17,3.8120548384590336e-16,-0.03455784175020169,-0.06386993605661044,-0.00330523741692192,-0.011806262840333315,0.005766580836374722,0.03929722849417142,0.060587428494515476,0.011314260069199484,0.00591591449628023,-0.005825384962693393,0.03920226707974914,-0.007514976843747536,0.017558229371810594,0.015175904630136279,0.011992767678151632,-0.013028810573220296,-0.00284490843178389,-0.03411616666240139,-0.0320216266682535,0.013945675632872093,-0.014248379757931088,-0.015159934723063017,0.02252759769958574
9.667337943092859e-18,-5.0871646159429444e-17,-5.1882784802404186e-20,1.4733664899566184e-17,-8.448957487957814e-17,1.902478296799077e-16,3.191891195797325e-16,-0.06392976245305608,0.020153672386154477,0.006892598405566902,0.0006065316603380762,0.12907511970907848,0.09616583060723027,0.009126075600628362,-0.2156453990496078,0.09920092258140403,0.1805507445692058,-0.036085098991473705,0.012145567637692022,-0.03744250095945332,-0.09696866401712861,-0.0313692995751012,-0.14831186357144457,0.10913337682612964,0.019867832081393946,0.10956213893295474,-0.058851625417060516,0.1696661223055763,-0.050217500508380905,-0.024155750554071095
-2.046299573667094e-18,6.154741142488991e-17,1.924272400691581e-17,9.663161548209508e-18,3.242989087076674e-17,-9.613070433789804e-18,2.7755575615628914e-17,-0.008612831385376721,0.06096515976447907,0.0014683670125642107,0.016951189358033334,-0.0005310454236507444,-0.019534358962125426,0.034321974242830885,-0.04819910850887542,-0.04218028861678202,0.015001191240577381,-0.08145671926507579,-0.05612465816393355,-0.033336431946614925,-0.00034323653999143364,0.016841490836271105,-0.05589472421906455,-0.053398644233021604,0.02952412561800776,-0.003632832660236529,0.0077058780217657335,-0.017105773563218518,-0.012872567860480027,0.047985583545936995
-4.2230906132118254e-18,-6.561035597070395e-17,-6.295146332630252e-17,2.3911150761343655e-17,-1.715489637918153e-17,3.024764859151406e-17,3.0531133177191805e-16,-0.024538411154025115,0.0001748619591495215,-0.008616627674367829,0.012546144146518652,-0.0050227279421256365,-0.00885863718514771,0.08321791628588865,-0.09879955988147786,-0.03548222749502257,-0.008217011418290407,-0.00870545028163762,0.004412391457217995,-0.049491673270665774,-0.05688517826500898,-0.04634127774980465,0.018149166345294357,0.036099107916884844,0.043364563393619326,-0.13201094998180496,0.03665476345592414,-0.008068192305935494,0.026858596829460856,-0.09522857283392394
-3.8935970585170415e-18,-4.380333009978807e-17,-6.384030317125238e-17,6.799433129161268e-17,5.861768846489525e-17,-1.1991708043727247e-16,-4.440892098500626e-16,0.08768274244320898,0.06689194624723278,-0.05447033089768917,-0.09605507799411243,0.008568183489801762,0.033005535390801234,-0.006132171710206964,0.024868863727904086,-0.012930917290932596,-0.000941468320656935,0.012758833417136092,-0.05906750831350216,0.03240180983041768,0.04837128242854293,0.02747455541255157,0.031905651451878896,0.008915569092093166,-0.0029535328906637346,-0.0004450794012338101,0.0007107819797549686,0.0208115299917874,-0.04360675111932141,-0.04627760717355911
5.314205004937608e-19,-2.2836111291872567e-17,6.396485655182573e-17,-8.629203798481953e-18,-1.1566636699802794e-16,1.5193316850115093e-16,3.963843142607004e-16,-0.10171974046540674,-0.02092699283407502,0.05109365114893347,0.09796150402301324,0.052900772288801606,0.04443361747101174,-0.017041902362246123,-0.11860986487253897,0.057340335077362595,0.005429866051814566,-0.01448960585099686,-0.027913903152623435,-0.13206732111011626,-0.003534531538382643,0.03202428911438699,-0.04278074972213156,0.05556937090037606,-0.004698600472198153,-0.05168360679694348,-0.039983945058530104,-0.03744782488573903,-0.012018980702637598,-0.03363496728018915
-2.0673894287110055e-18,-1.1574030138195393e-16,-1.0225956872887089e-16,-2.789217092111365e-17,-2.5145923778574385e-17,6.369531867857386e-17,-1.3877787807814457e-16,-0.02512004168301156,0.016996636528618877,0.04750784596079881,0.018935961442307928,-0.00013892273193731965,-0.06277283960842645,-0.032523072004511905,0.02553607644886956,0.0025393286362083082,0.08898137585640371,0.07661783422016592,-0.02683318786732504,-0.0035886359877258115,-0.03568403449541404,0.033551677281354754,-0.029069623125750337,-0.0008263438550621091,-0.03834382242576503,0.0367673573667589,0.00461865654439567,0.022251487944964253,0.004695332274627478,0.01744931586748668
-6.274955606901026e-19,-7.208403758063464e-17,-9.949744004283859e-17,1.3145911692662866e-17,3.0952321474055433e-17,-9.268107342548758e-17,-4.85722573273506e-16,0.05790430517342634,0.04186823567312089,0.007681300644653902,-0.025527564281265566,-0.00020920789752722544,0.020272616556315372,-0.01202706309580324,0.06398404330415679,-0.1149493785575641,0.03240712671127022,0.0056084678249758105,0.012832586315674252,-0.07421952812397865,-0.0205037308479342,-0.0051289341822666375,0.04256759145138678,0.01991956111751455,0.0542375328569764,0.08852547391607787,-0.04655226232959945,-0.013350101512588584,0.09291686787079409,-0.01860071501439748
-2.4462741152097623e-18,-3.665311407411982e-17,-3.755248116890405e-17,2.789453035327325e-17,1.459145605834653e-17,-5.2337272757650355e-17,-1.1102230246251565e-16,0.03398791040615743,0.035156124254021044,-0.011919616296104349,-0.01238115982598917,0.023527833366141327,0.0186381018349618,-0.006894362076743588,0.023862618905660517,0.08474084070232307,-0.0810791155871302,0.003024731524919206,-0.022902552205427106,0.10251196193334132,-0.0024478399978615575,-0.04389766126136961,0.004062834661013878,-0.04234769069946086,-0.04086391748890432,0.01910856094229793,-0.02314011061408991,0.0342255317496327,-0.026107352984561676,0.005809780681736179
8.759051089702772e-20,6.857587785658002e-17,-1.210151058859126e-16,-2.693945086829432e-17,3.302791140019453e-17,-2.6764161384085393e-17,-6.938893903907228e-18,0.02852817299834692,0.009956166222500716,-0.048103382414243376,0.005405183501217076,-0.045337101001032824,0.038131465911861506,0.018069709147927576,0.012257492882074927,0.018192395475748715,-0.00022827386629649946,0.02633934352374385,-0.03681529619996357,0.015166609656110898,0.002373996671873727,-0.010054978811317991,0.020048807110068026,0.036448608810023715,0.04252885191615778,-0.01889361368959065,0.021500848087866533,-0.025618519188780935,0.02639406187623471,0.029114620659588353
-3.296329121554885e-18,-6.802664504022134e-17,-1.034504927266325e-17,-7.95158608216226e-18,-7.349449102098146e-17,1.4009315781676793e-16,2.498001805406602e-16,-0.07132299974288231,0.023887519121148382,0.03132387326283307,0.06771185806980412,0.0172702401451743,0.057995951433407,-0.02765529033286405,-0.016424005068765027,0.12455322070980682,0.012945343545889278,-0.031341562265263107,0.005436374989189974,-0.04536532955886388,0.057362724077504194,-0.09448572518314595,0.0043241779897034175,-0.01567838601732704,-0.07662789206355114,0.09511151256889785,-0.037493360088786294,-0.008706898264383778,-0.053671949043023116,-0.0619381079884998
-9.925905134320402e-19,1.0644852670074584e-17,-2.6087930770413596e-18,-1.940901891030142e-17,-1.0201051020832067e-18,1.408463972682362e-17,-4.163336342344337e-17,0.0065790403934739665,-0.011019613509868381,0.048964086366469664,0.08653788671188739,0.012760643619290319,0.08751442246113438,0.09531450369572922,0.06748731146754536,0.003159663068967863,0.022783724436548785,0.010097023429613784,-0.01575278680412916,0.05821684223597957,-0.025826416793454786,-0.022844170517038857,-0.028199258136819505,-0.03851899585277008,0.005565108278474239,0.017963716287607807,0.02687791742869152,-0.004505628079255563,0.0262938176630653,0.052604188371062614
1.0689944481951182e-19,3.5482469862840734e-17,-1.38138757736966e-16,-9.847032515886594e-18,1.4008372420372308e-17,-9.247457456422359e-17,-5.551115123125783e-17,0.0435907393142082,-0.007996578433659082,-0.005399263084326626,0.020552988990329354,-0.029078854497863654,-0.0011827357884004767,0.017635281037349432,-0.0017288984274728488,-0.03806122797279442,0.028926805462164158,-0.021525369535770625,-0.020568399427310688,0.015849120813206802,0.027537418018300185,0.060250758357724185,0.009970049889101603,-0.028604726612307153,0.0005382161614074572,-0.019439355276198295,-0.054647125949985845,-0.005086776850461081,-0.017012783044612668,0.009948493527177832
4.949525956058927e-19,1.9835552141107237e-17,-9.053533180760737e-18,-5.897460269890765e-18,1.6266664415260373e-17,-2.9780686631254374e-17,1.5265566588595902e-16,0.03777373109747784,-0.048392165443520554,0.0059937043805074934,0.05206043777522111,0.0609966840663929,0.0520136831227266,0.07298029641528346,-0.01190621438284376,0.03427370608349026,0.009144290581834181,-0.03091875453847864,-0.0069459423948391155,-0.040684502052370564,-0.023923812781789545,-0.007086086007902675,0.008805034752839006,-0.035859542400500974,0.03387621897572864,-0.010510773307116243,0.04414154750895468,0.029566453125846368,-0.04558841042952599,0.009292788861805438
3.0555384626731894e-18,-1.0714889888427813e-16,-4.7944437691299304e-17,3.214914230453903e-17,-1.460788146950107e-16,4.6872702073142586e-17,-6.938893903907228e-17,-0.03669811374161925,0.04996521470702165,-0.0029955793026736808,0.10087242581704331,-0.05610412605910762,0.0725522147246705,-0.07374348543149886,0.02886717021700114,0.006218777277545311,0.021758855534974704,0.04508633814960406,-0.14365109462337683,-0.25949915486242564,0.11794981158235002,-0.10484722313778146,-0.06105131239589052,0.05932767039685771,-0.06919495109303757,0.12812584028857327,-0.12865226214643227,0.07913028320499342,0.0075012530232030465,-0.08358649942343761
-2.3145003742736046e-18,3.83709104232292e-18,-2.0349815976018777e-17,2.7949493642081346e-17,1.1578444341362366e-16,-1.3237578629217227e-16,-2.0816681711721685e-16,0.0889421042324816,-0.004178266055091769,0.006576266512748631,-0.04466963716825638,0.06503665432670973,0.013062124067541142,0.04052765306293914,-0.016884264928730495,-0.008871673661487634,0.003996081290583399,-0.02834261297045068,0.049334851144669754,-0.01812761990769817,-0.07724867322014121,-0.005367934938430948,-0.011357825907792891,-0.030808816394497302,0.004524511264260934,-0.048987320207805087,0.010414138516702665,-0.07134987465983399,-0.048257684596438984,-0.02906990832860526
1.7174209814707443e-18,-9.763874950118158e-17,-2.726279399369447e-17,1.961893021730935e-17,1.6701169590705412e-17,-8.96929403413338e-17,-1.0408340855860843e-17,0.047935485321863626,-0.029508969767026185,-0.03891733935513335,0.09546294723197314,-0.05408694900768914,0.11454996050269224,-0.002768456613630408,-0.020001601444709055,0.016406971915568596,-0.03170829616305167,0.018295130354554892,-0.03190503576883127,-0.055775623198942866,-0.0058744494406181135,-0.017364336421149065,0.012295200789763405,-0.02737678393676887,-0.017424560884010256,0.03969231014950388,0.0070722915963670595,0.00032011102040153223,-0.017222099025879067,-0.09477280049324185
-1.1100449527588825e-18,-5.712966920490088e-17,-3.944596350535453e-17,-1.7323641964631006e-17,4.323874494078645e-17,-5.447066289453598e-17,6.938893903907228e-18,0.03794022751013033,0.005244534368841736,-0.017555584589861364,0.030196917343518755,0.03208557627230343,-0.0782748308476612,0.03245504388855433,0.017168700092611882,0.017872466494244347,0.014003447140988402,-0.02896402176693196,0.0109962653012774,-0.012327505090051477,-0.05334667583210234,-0.0008471045185792893,-0.009458963449721245,-0.027585493493433262,0.05989153406980323,0.027226781481797475,0.0301996317655718,-0.011671557365482225,-0.020397824146612762,-0.05236706219859135
-7.487858499908541e-18,2.610838387593813e-16,8.036906408527533e-17,-8.046195053168663e-19,5.129907019618455e-17,-6.570552697374577e-17,-2.914335439641036e-16,0.04982081980988915,-0.02826168291310602,0.06421486577671255,0.02110650529461113,0.021068654480193547,0.003261615928485763,-0.019328879982895775,-0.0045365645192404075,-0.024786092541777664,0.00812528806575533,0.018634088505536092,0.013787933887685996,0.020825471724252583,-0.0003616125160495989,0.016870777570976714,0.025582851594556335,0.007455857781886827,-0.023535164746844573,0.006523913162285243,-0.002049733769673852,0.014453265505884156,0.009108799824198975,-0.019717484306815792
8.206964598409868e-20,-3.555137080984135e-17,7.192493581232519e-18,3.765035932168393e-18,7.557966925819361e-17,6.040642806428732e-18,3.122502256758253e-17,0.018150764798829596,-0.015509201878207236,-0.062340980738365206,-0.020679639849738623,-0.048879299106115236,0.054668400078357604,-0.10323330366500705,-0.07337984589682181,0.058354779388129684,0.05493091706614051,-0.04873983513889495,-0.029612616920873084,-0.17909382394127835,0.06709850878329743,-0.030591473713298754,-0.03462780732445854,0.07088779638581033,-0.030433944063557504,-0.05706069913349518,0.06968438016533697,-0.08292591906694997,-0.024238896636784957,-0.049004716360882966
6.69758515355422e-18,5.557318399767515e-17,8.352014135755843e-17,-1.205568376201951e-17,-6.770499899514505e-17,1.6752661363062663e-17,2.671474153004283e-16,-0.006084249305996176,-0.07291241105033094,-0.010245135209660207,-0.013210639731031473,0.039512396196684695,0.07616233828857036,0.09503371211090547,0.02344018308592903,0.011324630886182954,-0.0220496439025106,0.017447335974025764,0.056436161109657275,0.03986703767254488,0.07369554830608464,-0.01839510702586309,0.009784280332687884,-0.006588923018103643,-0.024898440916658066,0.009776092717307306,-0.011256958642399303,-0.014563624744809515,0.0007083902107474365,-0.014656361859277425
-7.399475233244104e-19,-1.6214377126441322e-17,1.136724363802319e-17,2.1964056845113376e-18,-4.536499206119029e-17,1.284381671700486e-16,3.9898639947466563e-16,-0.0773659980939715,-0.03580756014860353,-0.0264448416373981,0.0032791299153343647,-0.03995999203310901,0.020382494680091855,-0.00033422778008739305,0.034889198037374926,-0.01977018771791063,0.08493784227292896,0.004675253874845056,-0.04266305205291925,-0.03405936215788956,0.01608703597017164,-0.09312650650965691,-0.04693699291500441,-0.010701522277559189,-0.014251833001178807,-0.060289177558441945,-0.058533497618524756,0.07942981847713991,0.11577493740787066,-0.0006223986274071421
9.755915259366535e-19,-1.5915796473830925e-17,-2.3911186694894596e-18,2.002189554560531e-17,-1.1855657216562039e-17,-6.616421015189208e-17,-2.0122792321330962e-16,0.05697858030070391,0.006914107868889006,-0.049165050081140506,-0.05121181198686812,-0.09224290236142411,0.03737616818691116,0.0340662321046901,0.015665009740151854,0.0473818387434309,0.00869081434780905,0.005893528641517567,-0.027557586610197266,-0.043564824924824455,0.05197900355398136,-0.016822145574451587,-0.029673254758804408,0.019712827736246823,-0.0010950904470632618,0.02256533503689572,0.0023705403430752192,-0.012480404181672625,0.025243136910708737,0.020010936664603123
-3.989505279582149e-18,-1.2781402784199575e-16,-2.3698304966861527e-17,-1.1692394873199996e-17,2.685909347760218e-18,-1.245748487967274e-16,-1.4777675610977425e-16,0.02715731012278046,0.009792999610783842,0.03186975163212,0.21935635049097432,-0.06269479777940531,0.25189754969754297,0.0391223717103097,-0.05730490394475183,-0.05611935094946292,-0.08794306098530981,-0.02624762976820277,-0.028507275016968276,0.059694683176069296,-0.06642127261405541,0.015352562756531137,-0.03150021600214433,-0.11086355210270371,0.019571525118911814,0.06449761838611542,0.02697985368895492,0.00474041319066877,0.026880036462175797,-0.06552958428515294
-3.9582430191863345e-18,-2.9037768758459166e-17,-6.78527332434413e-17,3.1084525587017497e-17,1.0222762137692417e-16,-6.699659910599828e-17,1.3877787807814457e-17,0.06379997938567006,-0.006159960757038052,-0.015853075573540803,-0.04851899616511708,-0.02593652908494162,-0.01856888864508485,0.054870497807445344,0.011615704236245325,0.055777405065175215,0.09129241627990922,0.024885024848657865,0.012632120263030512,-0.08703984684808685,-0.04732289811179174,-0.015373266448596152,0.06399641801445229,-0.02110385964265169,-0.010170910210103898,-0.036688330471566936,0.033401273216684776,-0.005354684167994926,0.006992110866772191,0.019751406580348067
-7.294168653165483e-19,-4.3106351076244304e-17,-5.486946817137222e-17,5.384628925619541e-18,-6.4745959127909984e-18,-1.5962012552854156e-16,-2.3592239273284576e-16,0.0907193480068838,0.024040113427562737,0.08890951030369743,0.08442406665787938,0.0932725725653333,-0.008553958710469881,0.104935717341401,-0.05597568416421018,-0.004915861200104247,-0.03672830967856015,-0.12100830223660186,0.054164672715951455,-0.002979051809074555,-0.007466194998595199,0.013807858887370619,-0.051476290434050526,-0.14608580004714894,0.09734876123338725,-0.07650881054842282,0.04813286374976474,0.03835062911175567,-0.07598675964457205,-0.014131123858524731
-3.1680818884139055e-18,-4.057866558860081e-17,-3.945736703681073e-17,-2.1953378627904442e-18,5.5474800448664803e-17,-7.194675580788999e-17,-2.5673907444456745e-16,0.03867575437055607,-0.024840774261187176,0.08605631408870168,0.0888707124962023,0.020701047541606985,0.052657881446835864,0.04347118942450568,0.049744081274676055,-0.055552470440384014,-0.05754491308590111,0.0035275767168265987,0.04039009482835621,0.07658744706876877,-0.01677928572482939,-0.017587322912376958,0.028038183684649425,0.034771881041488734,-0.022315378205683276,-0.020857310952764274,-0.015253562495024716,0.018685794187889397,-0.015317266990436932,-0.01618242634896769
2.528317796356542e-18,7.425365261852267e-17,2.824580045435828e-17,-3.144274594124744e-17,-1.1814233481732487e-16,1.939883259269448e-16,3.152317816501604e-16,-0.11029491530614136,0.025693134718968304,-0.03409671872865262,-0.10846146809184405,0.010336051624511641,-0.030014301416981068,-0.01734816612507319,0.03928062796726068,0.0054997921025760205,0.0276135425458197,-0.06210043708389128,-0.008072784825400001,-0.002614467759142029,-0.036203940504847064,-0.08108392624660012,0.09895066456783351,-0.026625211247043357,-0.06797735104924224,0.030944181357141245,-0.0478156454433931,0.028923490991663612,-0.02320185824662873,0.038187779689322986
1.1807343256340338e-18,-3.2122298685727266e-17,5.212383926600788e-17,-1.815746794564094e-17,-5.314255102988516e-17,8.760990051851206e-17,-8.196568423990414e-17,-0.04339026617826629,0.027437617000536794,0.06622086394046543,0.028281705968026052,0.0586405948580156,0.01718687942671394,0.04178149697359403,0.03294041585060966,-0.07112507496077186,-0.04034453252173256,0.031101789612820587,-0.023947055917748816,-0.02781246473014016,0.017976770949626124,-0.0615026975120441,-0.014502629169547815,0.05530780090809542,0.013257707387100434,-0.020626796896730103,-0.05913014251587843,0.05525084388347392,-0.0461621352707413,-0.019912321103332093
-2.3949836076635595e-18,-6.708297853639765e-17,-3.9294381671405804e-17,1.0629400980483499e-17,6.774288591169381e-17,-9.885910933412801e-17,-1.734723475976807e-16,0.07594181918435566,0.005420518484723598,-0.0604253801988259,-0.01670439679227603,0.01393755858291968,0.021512336108423204,-0.005667002944460505,-0.044955992368889704,0.07140552684835644,0.022473840516820578,-0.0004506947828752711,0.017349923113127167,-0.08085028543286067,-0.031020102412531704,-0.00799119058939545,-0.015762691689217904,0.001961814584578303,-0.05232739259718015,-0.014556671489883889,0.04106321199944199,0.01089821881999967,-0.013383124023985383,-0.08570398964740929
-6.536729000599164e-18,-6.643289766358072e-17,7.040793012914631e-17,-9.032933919398822e-17,-4.409634843641164e-17,1.23856670384234e-16,6.38378239159465e-16,-0.14413784719168451,-0.08190724525941019,0.03997099077768678,-0.04165939001835986,-0.045050816228614426,0.057779045883403886,-0.030939183895383842,0.01857171647572688,-0.08548761444996088,-0.10373520062129926,-0.01473438226309948,0.06083939283437977,-0.06354273723864066,-0.08302485796387475,-0.03806832717362883,-0.007373426996724092,0.01619303250099659,-0.05761519217751542,0.00569065804306949,0.04934253595431785,0.0009014397552832171,-0.04858525330531575,0.04315821165275713
1.654310019684617e-18,-5.138105105577142e-17,-6.675535252600359e-17,1.85158448441524e-17,3.8402749758624467e-17,-6.683487952885187e-17,-5.551115123125783e-16,0.06094686174970252,0.05970320872494376,0.0780076565694385,-0.04742204067084174,-0.020994284923597117,0.020455709639790192,0.004995734193908022,0.07267659342082175,-0.035326202861588586,0.05051579697500818,-0.018228082434182558,-0.060487336663913815,0.004463602193499957,0.11024490841229916,0.027191379678352973,0.0167340550581271,0.009347597184626848,-0.009288778560539212,-0.0014367650729838843,-0.013404270934634411,0.05900274645642319,-0.07079761093040353,-0.010906241031874445
-1.6966032220688177e-19,9.183089616957086e-19,-1.9488567459092267e-17,2.6314733388716775e-17,8.624554312363014e-19,-2.4779245285290033e-17,-1.5612511283791264e-17,0.012868166491594987,0.03361902495633962,-0.05377658332083302,-0.018767167755663196,0.014524263448102218,-0.0047813632866853814,0.021352992296852454,-0.027112858474531657,-0.01964518703074258,0.03738043274367532,0.021254872770476146,0.014549688873298577,0.028471534976525915,-0.006836548051189342,0.03040806746357026,-0.05784639869797236,-0.005812625548702133,-0.008964410868229857,-0.001415484028760131,0.004958970228712383,0.018937281706233624,-0.021251446325716013,-0.005676145567905651
2.823784136751959e-18,1.6745872914922346e-17,1.2923052541813482e-16,1.3291867326033646e-18,3.224216724403124e-17,-7.03989031978065e-18,-1.1188966420050406e-16,0.029189561006823503,-0.02650480771944434,0.025548814370165356,0.0015080220976475003,0.04490488192455499,0.008883691571709254,-0.02986529619562215,-0.026641586125530723,0.030263628922128662,0.034249089574876795,0.011207220665950061,0.013891796970264108,-0.007841000555683576,0.0023591399273073135,0.011820064628866644,0.02748041430191318,0.04019026232651609,-0.04062644912418071,0.03406428325218029,-0.01588759292728365,-0.03892613985827164,0.03766101255469504,-0.009042195265236773
5.25908412177182e-18,-4.07345480356664e-17,8.512793825907967e-17,-1.0438017157131023e-16,-3.7912112346876525e-17,1.7326624393952264e-16,8.465450562766819e-16,-0.17438055148110304,-0.1007533392940234,0.007441054889973357,-0.0990960088343061,-0.08714188180269992,0.06251649770328684,-0.03709980080731647,0.0020142339410911983,-0.06139354601704865,-0.07243035503363124,-0.03878643234667129,0.01007353243249294,-0.047150040145451495,-0.10644028650346136,-0.013710333925676681,-0.013179990808260785,0.02843744253684027,-0.04826482702915525,0.025998072768609822,0.03902511052926862,-3.968449700753738e-05,-0.027692035218404784,0.05010830137251307
4.534023097511999e-19,4.1414783307405145e-17,-1.5459588841821616e-16,9.293446774449408e-18,4.1879293053094435e-17,-1.23102080099079e-16,-7.632783294297951e-17,0.06639920228029116,-0.035170075241533746,0.016457957645507088,0.045164997618140655,-0.03231118420389445,-0.015333961068723923,-0.011239321318823447,0.00308037620203742,0.010254320337027258,-0.02363461280857977,-0.0052156395178014105,0.0028134338108768936,0.009359075541586702,-0.0014244192769549834,-0.036121494701099266,-0.012541314410596794,0.03729265503327244,-0.039144739754873335,0.009839757307216921,-0.050063606111485144,-0.007323753011304808,0.03893820567617061,-0.02013133854190922
1.741644181446307e-18,-8.729930017055868e-17,-1.4355139713425668e-16,-4.924653160668764e-17,3.439825297945987e-17,1.6981047279197907e-16,1.6653345369377348e-16,-0.11294095972974098,-0.0725546613809655,0.0790189409251992,-0.07881792324994862,-0.0379894013815829,-0.069429981149546,0.022059554230545512,-0.017749405941620014,-0.0625981294700221,-0.03996010367534902,-0.164927148398207,0.020066564150866176,-0.017746177859015343,0.023768447004515768,-0.04264904995725816,0.021213485151644465,0.009508940886847577,-0.02197936860694144,-0.080395909494843,-0.0044584352196682595,-0.02578682971648859,0.02114806253347592,-0.050983811375737244
2.062474891799363e-18,-5.099326617278877e-18,-1.1000179285093791e-17,3.25400932890744e-17,-1.8017713198076537e-17,-8.473967298872886e-17,-5.342948306008566e-16,0.06279659014350933,0.13495312974591,0.002670798151026402,-0.02601923203570654,-0.04789790347029643,-0.029476207873626516,0.054774061050174,0.024409196092122318,0.05414543087166398,-0.013068554164505303,-0.03284305641103944,-0.1143938895293371,0.005691629155922198,0.04291676662507938,0.03851123389144772,-0.02062276022348679,-0.0235955587729082,-0.00013672951127049554,0.009526683144363633,0.004688472582930116,0.03849428500289107,0.004790474275840365,0.017377192534820205
8.614804018877695e-18,1.8198076260061818e-16,7.419393489977235e-17,-5.82202992376422e-18,-1.2768984547816714e-18,-4.624028742904113e-18,-6.938893903907228e-17,0.00925837609191514,-0.02319814540339097,0.04030845059119401,0.024918878195376665,0.01014607196932795,0.00565692825322909,0.029394636436881425,0.018443483822949813,-0.015717589525991782,0.01698861454396373,0.009002053731516664,0.00239934065946579,-0.013351333831759694,-0.008543898956874558,0.0037085968484379555,0.03691872520273932,0.013072441777871056,-0.022803344712115904,0.008458667583038097,-0.006225698008674117,0.034314330301663656,0.02479884229238334,-0.010019050970945846
4.427569260398404e-18,-7.842950601588764e-18,1.1081760766467116e-16,-3.9258465225978e-17,-1.171959878127584e-16,2.441630468475804e-16,-3.0531133177191805e-16,-0.12261351429378056,0.14948449807812805,0.04986153764788291,0.11080852411737212,-0.03483980503206797,0.09307058998356345,-0.10712624470254858,0.0021191682096740857,0.029999491692188247,0.14319473691754928,-0.07374567530648755,0.0625033817930165,0.06863877495363717,-0.0077169220051509545,0.004989137204038518,0.07401192359033888,0.0019385767360602247,0.15860281960648387,-0.018644035207267633,-0.07060959880679271,0.024536858844799586,0.0402270344968482,-0.012891023372876318
-5.253566975005367e-18,-3.2547512698225484e-17,-6.792549756406755e-18,-2.997873061863274e-17,-4.6640536647515596e-17,1.590140940410877e-16,1.942890293094024e-16,-0.11600518676271339,-0.015816522966533433,0.031508084788256986,-0.03277813041043759,-0.04738104636592205,-0.0367622673619107,0.013494445101181413,0.009647293987761908,-0.0673260345992249,0.007813093088121208,-0.08635010534646799,0.014360333051253026,0.018327184389004658,0.005384193032221117,-0.034442144142941326,0.007452768938104284,0.010881198913321405,-0.022810152355464436,-0.04259092376480137,-0.04842778926284346,0.006746185594787485,-0.010562433129435658,-0.02703538175444503
-2.8751204757173713e-18,-5.741923828465881e-17,3.566753186803131e-17,1.6214293655500272e-17,1.6632625606913287e-17,-1.2159206651568973e-16,-4.2327252813834093e-16,0.08592317841632642,0.046385460675291736,0.04484317829077058,-0.02647010324511328,-0.11474717557640057,0.013056374520767737,0.0930543620325612,-0.04344831768591112,-0.10270158888561805,0.03563055585900105,-0.04980563162318951,-0.009496678939383938,0.02917929204897064,0.04763171973719717,-0.0441507841227554,0.05566583296780974,0.08765056581186494,-0.0655653370063466,0.021896753285761617,0.03933362190442207,-0.06062070793853022,0.1128436074564593,0.017160361853557148
6.990359469083257e-19,9.725021019712084e-17,-1.0743137303370273e-16,-3.588767575206206e-17,5.626620007068196e-17,-2.0275447042817853e-17,6.505213034913027e-17,-0.003233660766309226,0.06421896672952362,-0.08311133449289312,-0.0036477544423424014,-0.008212855696581268,-0.08171370254904183,0.019657693442807312,0.0987018378500315,-0.0032193127021401795,-0.05396995158109291,-0.05024205176235565,0.037062967025203584,-0.022840607584955364,-0.027776329139303686,-0.034263046856839736,-0.045397872587956176,0.08873737727407789,-0.026466701065177668,0.06629692672038834,0.03313054404276124,0.00833767251458279,-0.036969392456648445,-0.08904824966143689
-1.544420223419876e-19,-4.247185390695546e-17,-2.265054239799085e-17,-1.8064864324510027e-17,5.291805502551042e-17,2.3560795881633758e-17,3.0531133177191805e-16,-0.07442594665906432,0.05472961900837349,0.004983731063794626,0.04226840129589196,-0.06551792210021645,-0.03838284263894404,0.03270995359365675,-0.01408596995519947,0.06960218239186199,-0.09898005691055957,-0.032698592491771386,0.07765280703349853,0.00205976215546502,0.010158670684666674,0.05095237746917643,-0.04533318623496928,-0.06308638140191976,-0.012538091173849596,0.03513212931174925,0.016210275391693132,0.08107382904796943,0.05859581244959913,0.04206785913175289
-6.348478954073976e-18,-5.1620206290294166e-17,-6.359274307112174e-17,1.4667119513056042e-17,4.716083052920636e-17,-1.6119923125141014e-17,3.3306690738754696e-16,-0.002884231744781445,-0.05220562783441022,-0.06385486079449278,0.018183085072618257,-0.041852363102365925,-0.06271988092743469,0.0395771034588965,0.033586035280583244,0.018145604274447114,0.027193966264971236,-0.05706205639409901,0.015447481621152588,-0.0065538607375142345,0.008852914851160633,-0.03979745979619151,-0.02493062251408629,-0.024842787440585518,-0.03738128065461032,0.06362309148514166,-0.017883556297156183,0.006772216711304435,-0.03268602102199178,0.02321322223166792
-4.354108580333907e-18,2.2575863287392984e-17,-1.331188141373102e-17,-4.534804039095417e-17,-2.0991701641799982e-17,5.5104903841469583e-17,3.0531133177191805e-16,-0.019407791009476472,-0.0778928614809609,0.002907621469694363,0.09372948084042819,0.008852264584451755,0.0027014992382648237,0.05369213948283609,0.030692035247965384,-0.01704112374104902,0.07642726103869656,-0.031195220465128265,-0.0067023006158147755,0.04354289314936788,-0.003953745844406084,0.008778439696115518,0.01988416574674761,-0.0249471933925582,-0.02437005166201108,0.061428730364242325,0.07733543413468343,-0.018801694509352526,0.01892593714889358,0.0014295477467447858
-5.2521650506105984e-18,4.206819348016179e-17,-4.128819238411902e-17,8.146215238480313e-18,4.052644300352766e-17,-3.3044065388935603e-17,-1.726049858596923e-16,0.02133695416677676,0.01723736653846298,0.06438499731580428,0.07687093783078103,0.06295520562802134,-0.018655638502277885,0.01487011846962717,0.02628174834993332,-0.04691710091792183,0.013105818987241492,-0.08434041495877939,-0.018567485784980745,0.10315326811254166,-0.05566087605150986,0.013655862839752246,-0.02335163537034146,0.014570389018936612,-0.0074230461935114,0.003630234330321994,-0.03597756398975863,0.013970584480528283,0.019975766800328087,-0.0285618645353604
3.9176079201914875e-18,2.6707300443565775e-17,1.153842537668303e-16,1.8850855615134592e-17,6.661275180581586e-17,-5.644045712002911e-17,-1.3530843112619095e-16,0.054383503280663326,-0.02944182043621083,0.005540162600351322,-0.011065614807243376,0.003990961140749502,0.013318020842966545,0.0150833985173009,-0.06164241746278532,-0.013704750789750197,0.055582215711183686,0.011829322279729295,-0.03869737730656147,0.010013100711140865,0.02076611158291963,0.018044109167527463,0.008099169066745331,-0.010552229365628883,-0.01929625426127109,-0.012045721618656465,-0.02399545984060761,0.01882968805139092,-0.007066269533346589,0.011707059782712248
4.7907117290075896e-18,-9.945629594272929e-17,-3.941417547620113e-17,-9.934627911538853e-17,-7.121105616004688e-17,2.426718396946968e-16,3.3306690738754696e-16,-0.11771959568343118,-0.029882820418434222,0.11949093265937527,0.0063174538565906905,0.07185554464508798,0.04028271072006919,-0.01950583746162834,-0.039492358149993585,0.03670132314634756,0.05004373380570524,-0.023816335204493087,0.029622135188478983,0.08284519414302358,-0.058236420268443806,-1.2111581069134164e-05,-0.014904516040552667,0.10770967956502235,0.14971709180042767,-0.11078575507823062,0.06335503520053731,0.09982130174969234,-0.0385214344540504,-0.023179457200019647
-8.67432810946823e-18,1.3263981896985857e-18,-2.0432651294515495e-17,6.839734236010498e-17,3.779358639764697e-17,-1.1362019675142383e-16,-6.38378239159465e-16,0.08020024516532301,0.09517367658614159,-0.08329729437430955,-0.11988822555055738,-0.05723219320493862,0.12416290893784458,-0.04311466778189666,0.05595437889005068,-0.06458452653346149,0.024301368501517838,-0.015188957870209682,-0.07319200423861662,-0.0328604662559161,0.09495942367662635,0.07691501641633533,0.011761703513297233,0.07638858232523908,0.023148436704291175,-0.08948193858019449,-0.03866331156783515,0.0491733257971404,-0.07818399675797322,0.013825733787437103
3.500281478967771e-18,2.4567271940429596e-17,1.1810595109242e-16,8.71305605780309e-19,4.804928408959818e-17,-1.8806469225957337e-17,-5.204170427930421e-17,0.016468380811118292,-0.015658441979074164,0.01590439519428863,-0.006480373465015268,-0.0009852548418606386,-0.022220981131204624,-0.008265464123741762,0.024995514298555413,-0.017219473866702587,0.04461379512394112,0.012581379306282633,-0.009594442375492807,0.005295105650920527,-0.009204739566172794,0.019001593848806807,0.01719785469263647,0.02797597880504961,-0.035328677299681546,0.0261155142301892,0.019245614627285246,-0.043037664053035246,0.020263303650797804,-0.029141488601462578
-9.22621162310187e-18,1.1106138453774406e-17,-6.015264056240322e-17,7.319378443086125e-17,1.2416591220651313e-16,-2.701172859350473e-16,-5.204170427930421e-16,0.16634384507964897,-0.03728549204814928,-0.050637589392446725,0.04903306294006264,-0.08040552519278672,0.16985131501490883,0.006766476856708834,0.01469358497213244,-0.03112205911554524,0.008759380288526802,-0.07638131934068712,-0.08219597994452824,-0.05922465247446285,-0.06597537204944826,0.014643004739788437,0.0016401742366853034,0.045283345930874463,-0.013750173721739475,-0.018010211618665135,0.007440132616866985,-0.04714999602700035,-0.01594236774737473,-0.043215228395363174
-2.5386968552895403e-18,-1.3848896003576232e-16,-1.3224164118968427e-16,-6.700397326581113e-17,1.173948186279984e-16,1.385245947502478e-16,5.551115123125783e-17,-0.1421636186363184,0.010676714746927149,0.0973907149024622,-0.047432270354255374,-0.12080278919914002,0.014671686799256034,0.052866669109699595,-0.08099219246545217,0.01812030050230781,-0.07468921117048008,0.04156624143316392,0.023979708065776484,-0.057686855634124554,0.04109040062582541,0.24115246652116815,0.07039783757591074,-0.08220661186444027,-0.022948669354777018,0.07264148654325195,0.023567641750000413,0.11994899945358403,0.020263191647724017,-0.028495043888786535
1.0055550743393617e-18,3.50002757963334e-17,-1.6021913001345144e-16,6.81479007042303e-18,1.1887571604157196e-16,-8.280090773204866e-17,-2.8102520310824275e-16,0.0722214034513007,-0.00259217518541379,-0.013370905658603738,0.018451956620119482,-0.02590111853381591,0.07827203020861447,-0.03627177403970346,-0.0008798793744306487,0.03248289864144717,-0.0061180584579728775,0.05040830052200815,-0.01644915754980941,0.0003899109851086388,-0.011150644055137274,-0.054505966631802086,0.009255253275733264,0.020301275867919546,0.012903797347546823,-0.006798115208017052,-0.013066759866024095,0.0222003860360148,0.07044174596714015,0.010138045575041686
3.1366994184763202e-18,2.767341425532965e-17,-1.3341632779584276e-16,-2.578391879177736e-17,6.859163400396637e-17,-1.0533912360096985e-16,-1.1102230246251565e-16,0.054630514652383645,-0.016382606581356166,0.0005759861600383446,0.008108202271977415,-0.03613678046575522,0.04381462709006035,0.002452143556938161,-0.009727413828910571,0.02174881343926051,-0.02062597644245085,0.004413215934215914,-0.007909693772491172,0.022393147137696082,-0.016280808691311155,-0.027020270451631172,-0.027729779746438563,0.043319759686365304,0.012903297988635452,0.005540263642300202,-0.0004241269267588149,-0.039114241374089205,0.019522619941230137,0.0001837606291813281
-1.0418888863424912e-18,-1.0416775072219715e-16,-8.842813966595486e-17,5.069369975465266e-17,-5.576251687747671e-17,-2.0416253372570327e-16,-8.326672684688674e-17,0.11032031132062,-0.042525787158401815,0.005934992391055617,-0.001980178533565793,-0.0859461881365478,-0.062257505104069244,0.04717696076694905,-0.08802066163060678,-0.0028242401976939615,0.029698440262580613,-0.048206990584675265,-0.0011560219586881097,0.0355358762247506,-0.04648572870182988,-0.008799488877552764,0.03590909242863023,-0.0037917130031548665,0.05179807457287543,0.04539063614310471,-0.021218140645125023,-0.02259563075285075,0.02545584501945857,0.0033001120515491586
3.2719407142854138e-18,1.393098783200839e-17,1.272544345702896e-16,1.145298549574519e-17,6.061121776372396e-17,-2.9502948043677886e-17,-4.336808689942018e-19,0.02200985795601007,-0.03814254516705652,0.012601830573306582,-0.007008155309647369,-0.007963138633352285,0.011173754666521915,0.0023417059118827897,-0.011180007561578295,0.013225242906201974,-0.005239655020584527,-0.012662336901248756,-0.0461014845146163,0.004192721060889385,0.026243831171088357,0.03864702327936995,-0.017161694803888534,-0.05523651473050902,0.025526943567473096,-0.0022555838450119435,-0.009097717193724573,0.010087958805456498,-0.07028692882785641,-0.0028203144998285323
-5.693824300264704e-18,2.951842930757577e-17,-4.461316927009968e-17,2.803148260095349e-17,5.93995442834822e-17,-6.217695140250338e-17,-2.3245294578089215e-16,0.02019708647867657,0.10239957633924913,-0.10354616091699442,-0.05991646156967121,-0.009048282515267967,0.04405272963577893,-0.010218131377144841,-0.06989309602110183,-0.042412788688042206,0.007326831243963421,-0.05278775844841756,0.030859865970682167,0.052865719651635425,-0.051893509997968046,0.05567330510533221,-0.03859180877435904,-0.011659494023320987,0.010240365410193015,-0.024327589449939055,0.03766415618755973,-0.020324423227160632,-0.00025983679189018493,-0.012770427387149981
1.815429345796149e-18,-5.3817925383180084e-17,2.683394961153845e-17,1.1694162692473238e-17,-7.329277902456363e-17,-2.330943643953929e-17,-4.497270611469872e-16,0.02038628225571073,0.11532761580910063,0.018375210895944013,0.030529553079795532,-0.031267815658128036,-0.003541633670922276,0.010575984699835443,0.00042741907167439825,-0.021064791314961428,-0.03386370696302551,0.05560173445330993,-0.07848391736407077,-0.045983289532024234,0.0604096861492528,0.023055386873116014,0.01038425388221515,-0.014416119693552765,-0.03032571009893263,-0.0009578422762962422,-0.01220956567710062,0.018220396137304872,0.00764185085363707,0.0006129367837101565
-7.775981336694875e-19,-1.0897920397743837e-17,-2.998639511373814e-17,-2.947827209491099e-17,-8.644292882482333e-17,2.044557349766016e-16,4.718447854656915e-16,-0.1500824036323494,0.02197671859866662,-0.04394731333886278,-0.08960400142103882,0.020978800202191426,0.010290294591821143,-0.07148214994155472,0.05940787804550357,-0.05539709547846816,0.019347725598467907,-0.053931266229704504,-0.037185404629081945,-0.03218828178020384,-0.0050054895287825,-0.003987976650136056,0.07736958677383825,-0.046604511909443584,-0.029513966941852165,0.0062756743569765865,-0.043107981216627074,0.007329409261091978,0.009050220862622535,0.03443548271360651
-6.867554569915597e-18,-5.151538070137622e-17,-5.658157944653695e-17,-2.1815410666401358e-17,-4.8817818031912905e-18,1.220690696391638e-16,3.885780586188048e-16,-0.10103727408427743,-0.062208741482563785,0.007247038520578703,0.010272545774447946,-0.03697675739434269,-0.07866646219748809,-0.029225761218108763,0.0097401079820257,-0.08203214123233867,0.015618837047214507,-0.10018243821847077,0.011946832128844578,0.0094191102692562,0.004348083129035258,-0.012579595578779499,0.018330914338738173,-0.01954006217225254,-0.04906944001945535,-0.06851263089656552,-0.010491850589897206,-0.03226965519941817,0.008401112434263606,-0.03804110391333792
-5.316765985370782e-18,-1.481145635929961e-17,-7.417211364863205e-17,6.588530829448845e-17,1.92781923550542e-17,-1.0388984037246855e-16,-4.0072112295064244e-16,0.09090058724406255,0.07532273232435868,-0.12221653305190214,-0.06923998402346519,0.08178927268579866,-0.0009889344740688076,-0.035983637825650325,-0.12538767603065207,-0.004656515375801612,-0.01585667724821471,0.03018053320208193,0.004303900402593975,0.027572426036338037,-0.03499411007373275,-0.01768823338751904,0.05776864020718175,0.00648657582132267,-0.00840274449198813,0.001984623033429778,0.023465604035520175,0.03771502798243922,0.006709499933830913,-0.015514141844860234
-3.861939153855035e-18,-2.4553027873884502e-17,-5.687028377651997e-17,3.9168570013093355e-17,-6.845063114771383e-17,-1.0171786033920638e-16,1.8995222061946038e-16,0.04511733549113476,-0.08772430056047906,-0.02096162562105961,0.004268582527167619,-0.03621985201369081,-0.11562405601432328,-0.03378593852266118,-0.050916094266900774,0.02209124915997527,0.004345390393111757,-0.017065962472117717,0.03876122969555819,-0.0026119930259382,0.01889859587778655,0.052094986550760086,0.011606307287058283,-0.057818376995779144,0.047871661899744754,0.05124956690673156,-0.04318262950373051,0.01013482181647539,-0.004726830475702136,0.035450363271521165
-4.507375597921689e-18,4.113077806298547e-17,-3.962540154927349e-17,3.2431984948594185e-17,-5.67378082941879e-17,-1.9248286174848998e-17,-4.3021142204224816e-16,0.03353591817120332,0.10407561486141838,-0.10318124446035311,-0.05140623367399062,0.14649331703481036,-0.021704107598631808,-0.08347997483081458,-0.11747570472982027,0.01611701030768151,-0.04773730197680431,0.014228055389838658,0.00298413618330585,0.05065719061551851,-0.04917869261087913,0.015467239268728368,0.02715398555859559,-0.01796473195348573,0.02309825307768975,-0.014672206413647507,-0.005249260591877757,0.037767271166464146,0.030750662804158,0.01426722389930696
-2.0273530140588205e-18,-6.570928827731978e-17,-8.67530227541131e-17,-2.2074750697742733e-17,-1.4160294629042662e-17,2.5141536370175885e-17,1.0408340855860843e-16,-0.007971938331690492,-0.027393854792819618,0.05809339735501065,0.10098293187188419,0.009019740616253444,-0.06256846203097952,-0.029472406562183594,0.089674573881902,0.06295030709342886,0.0383284728737096,0.06857136034080331,-0.004370702754533811,0.018227314149540513,-0.018936717852275027,0.014912779912864898,-0.05605750144366719,0.03244916285586742,-0.028285187847408178,-0.029101328082213072,-0.002552019494016706,0.02311180362920184,-0.0029172805576085413,0.02254131105774052
-2.661273845145128e-18,8.91824404638459e-17,1.31003950466263e-17,-1.042057054459213e-17,9.710524317175879e-18,3.228335659598302e-18,2.7755575615628914e-17,0.028012290284635234,-0.0543518573271214,0.024353692529845605,-0.042151472883812144,0.08205996300518237,0.007391767384485534,0.1179971615098939,-0.02880171233932362,0.023529134002771068,0.021909722430950407,-0.03941861986232313,-0.007310962139217145,-0.01595270594122629,-0.01741719586713865,-0.00651691890957241,-0.00974325507892656,-0.02388993372245558,0.004995648983231821,0.022439526016505878,0.017771530867518044,-0.0037642852711167033,-0.020786192933784725,0.012051934989124125
-6.056684729523166e-18,1.0296731251658524e-18,-7.475701463663653e-17,6.726411734215617e-17,1.1182110605440958e-17,-6.73440997829527e-17,-5.516420653606247e-16,0.08881796608996395,0.08460322833568626,-0.10612388944911286,-0.07479198487996047,0.14289110394338564,0.010675514304690683,-0.0766841070263762,-0.010349492168376044,0.039434136160040094,-0.013846219179494863,-0.020779727341798712,-0.021611781418536154,0.046264588460966906,-0.07392894125226424,-0.04604171614762054,0.09104293040306348,-0.0004169496981692557,-0.013015452839809215,0.005454970167583652,0.014828075754333503,0.032687551494736,0.010714023388885772,-0.051469354919509706
-1.2752173171330457e-18,5.814631228240586e-17,1.752171669806729e-17,1.3660758161948536e-17,-5.252762924786912e-17,5.4334008614151366e-17,-4.0245584642661925e-16,-0.004692962342652152,0.11064202836861504,-0.08030043646346503,-0.046864035927065006,0.03546637118775963,0.08138221268843142,-0.05422348923259461,0.03907016286972451,0.02167166848629169,0.038435345152910805,-0.04141791341220905,-0.01691755191647763,0.05793999571522375,-0.02693603095686117,0.009392589366219426,0.08689178921790591,-0.04632111724483532,-0.023883558492764235,-0.027474309497210667,0.018695405314201944,-0.005017061170874402,0.038014299580432474,0.04478883060334217
-8.595834586422418e-19,-5.890591447699747e-18,-1.1215171676293519e-17,2.4363696740046844e-17,5.667626323201474e-17,-1.683795333389345e-16,-1.682681771697503e-16,0.09251143280911363,-0.01895297501481226,-0.0468421516459855,-0.042908604071555494,-0.03294368719874958,0.031748282674166725,0.037929672644130476,0.012380397693752395,-0.01844229258685611,0.017899732841447753,-0.021407514458902134,0.013981966940297658,0.021159157177972458,-0.02338904779928904,0.07346650228438541,-0.038090718258341524,0.00964957480987641,-0.021114656553804997,0.007267341475976532,0.054226851988030074,0.0014404064331100196,0.0562591907447141,0.014625573165659137
1.7740540658368552e-17,2.5889760253957593e-16,9.062592065645963e-17,1.7798134532713855e-17,4.4949249885016924e-17,-3.946696136242601e-17,-1.0408340855860843e-16,0.00674161358769091,0.008966863687373603,-0.0003082857950248948,-0.028154148231252753,-0.044021910451578515,-0.022083334916106572,-0.07148550917751477,-0.02085409429885406,-0.017635900900505094,-0.047719234150952264,0.022391099404733487,-0.013545042068000824,-0.026917667833864782,0.011501259651605311,-0.008997556213473338,-0.011919718407580887,0.006723971464096262,0.0318084328598856,0.0007829910968155531,-0.0039821295833060285,-0.01474011634317647,0.0015847319399219359,0.025096904554847966
-1.052151615673955e-17,-1.8526784536137118e-16,-8.168498884669673e-17,-2.390676994995179e-18,4.928562982511905e-17,-1.8410407786180827e-18,-4.440892098500626e-16,0.04312506556268422,0.00540268149460031,0.07880050669051089,0.0039155653005155475,-0.020835761269337713,0.04806655274370989,0.06491597910028098,-0.05179624150380338,-0.12054212236745789,0.009839029828818324,0.05452540788250429,-0.06173378426448191,-0.025677746542049733,0.11976090443345795,-0.0708780652958359,0.03736197551634156,0.0626529401427633,-0.05041503730946953,0.04598235760916559,0.03926743471884545,-0.08552418875694198,-0.018089629030754065,0.07712740712685802
